date;country;state;city;ibgeID;newDeaths;deaths;newCases;totalCases;deaths_per_100k_inhabitants;totalCases_per_100k_inhabitants;deaths_by_totalCases;X_source;is_last;day1_death;day_10death;day_5death;day1_case;day_100cases;day_10cases;day_25cases;day_50cases;day_75cases;tem_rodo;tem_rodo_1;tem_rodo_2
12/06/2020;Brazil;SP;Adamantina/SP;3500105;0;3;1;44;8,55481;125,47051;0,06818;SES;TRUE;18398;0;0;18355;0;35;43;0;0;0;0;0
12/06/2020;Brazil;SP;Adolfo/SP;3500204;0;0;0;3;0;84,22235;0;SES;TRUE;0;0;0;18382;0;0;0;0;0;0;0;0
12/06/2020;Brazil;SP;Aguaí/SP;3500303;0;4;0;49;11,01777;134,96764;0,08163;SES;TRUE;18382;0;0;18375;0;5;38;0;0;0;0;0
12/06/2020;Brazil;SP;Águas da Prata/SP;3500402;0;0;0;1;0;12,22494;0;SES;TRUE;0;0;0;18381;0;0;0;0;0;0;1;0
12/06/2020;Brazil;SP;Águas de Lindóia/SP;3500501;0;1;0;23;5,34616;122,96177;0,04348;SES;TRUE;18360;0;0;18354;0;49;0;0;0;0;1;0
12/06/2020;Brazil;SP;Águas de Santa Bárbara/SP;3500550;0;0;0;3;0;49,38272;0;SES;TRUE;0;0;0;18390;0;0;0;0;0;0;0;1
12/06/2020;Brazil;SP;Águas de São Pedro/SP;3500600;0;0;0;3;0;86,93132;0;SES;TRUE;0;0;0;18362;0;0;0;0;0;0;0;0
12/06/2020;Brazil;SP;Agudos/SP;3500709;0;1;0;44;2,68716;118,23507;0,02273;SES;TRUE;18360;0;0;18354;0;23;61;0;0;0;0;0
12/06/2020;Brazil;SP;Alambari/SP;3500758;0;0;0;5;0;82,98755;0;SES;TRUE;0;0;0;18368;0;0;0;0;0;0;0;1
12/06/2020;Brazil;SP;Alfredo Marcondes/SP;3500808;0;2;0;3;48,00768;72,01152;0,66667;SES;TRUE;18404;0;0;18401;0;0;0;0;0;0;0;0
12/06/2020;Brazil;SP;Altair/SP;3500907;0;0;0;1;0;24,03846;0;SES;TRUE;0;0;0;18398;0;0;0;0;0;0;0;0
12/06/2020;Brazil;SP;Altinópolis/SP;3501004;0;0;0;6;0;37,07365;0;SES;TRUE;0;0;0;18395;0;0;0;0;0;0;1;0
12/06/2020;Brazil;SP;Alto Alegre/SP;3501103;0;1;0;1;24,39619;24,39619;1;SES;TRUE;18394;0;0;18391;0;0;0;0;0;0;1;0
12/06/2020;Brazil;SP;Alumínio/SP;3501152;0;1;0;15;5,36826;80,52394;0,06667;SES;TRUE;18397;0;0;18394;0;10;0;0;0;0;0;1
12/06/2020;Brazil;SP;Álvares Florence/SP;3501202;0;0;0;1;0;27,1813;0;SES;TRUE;0;0;0;18411;0;0;0;0;0;1;0;0
12/06/2020;Brazil;SP;Álvares Machado/SP;3501301;0;1;0;17;4,01365;68,23199;0,05882;SES;TRUE;18405;0;0;18380;0;30;0;0;0;0;0;1
12/06/2020;Brazil;SP;Álvaro de Carvalho/SP;3501400;0;2;0;2;38,26287;38,26287;1;SES;TRUE;18404;0;0;18390;0;0;0;0;0;0;0;0
12/06/2020;Brazil;SP;Alvinlândia/SP;3501509;0;0;0;1;0;31,03662;0;SES;TRUE;0;0;0;18415;0;0;0;0;0;0;0;1
12/06/2020;Brazil;SP;Americana/SP;3501608;0;12;3;210;5,00841;87,64717;0,05714;SES;TRUE;18356;68;54;18352;58;15;18;29;50;0;0;1
12/06/2020;Brazil;SP;Américo Brasiliense/SP;3501707;0;2;4;69;4,93778;170,35355;0,02899;SES;TRUE;18408;0;0;18363;0;26;41;56;0;0;0;0
12/06/2020;Brazil;SP;Américo de Campos/SP;3501806;0;0;1;8;0;134,0258;0;SES;TRUE;0;0;0;18389;0;0;0;0;0;0;0;0
12/06/2020;Brazil;SP;Amparo/SP;3501905;0;5;0;87;6,92569;120,50696;0,05747;SES;TRUE;18387;0;36;18363;0;19;46;54;56;0;0;0
12/06/2020;Brazil;SP;Analândia/SP;3502002;0;0;0;3;0;60,06006;0;SES;TRUE;0;0;0;18423;0;0;0;0;0;0;1;0
12/06/2020;Brazil;SP;Andradina/SP;3502101;0;5;0;42;8,74783;73,48181;0,11905;SES;TRUE;18385;0;33;18367;0;15;34;0;0;1;0;0
12/06/2020;Brazil;SP;Angatuba/SP;3502200;0;2;0;32;7,9277;126,84319;0,0625;SES;TRUE;18370;0;0;18370;0;32;47;0;0;0;0;0
12/06/2020;Brazil;SP;Anhembi/SP;3502309;0;0;0;2;0;29,7442;0;SES;TRUE;0;0;0;18382;0;0;0;0;0;0;0;0
12/06/2020;Brazil;SP;Anhumas/SP;3502408;0;0;0;3;0;72,90401;0;SES;TRUE;0;0;0;18398;0;0;0;0;0;0;0;0
12/06/2020;Brazil;SP;Aparecida/SP;3502507;0;0;0;9;0;24,89145;0;SES;TRUE;0;0;0;18370;0;0;0;0;0;0;0;1
12/06/2020;Brazil;SP;Aparecida d'Oeste/SP;3502606;0;0;0;1;0;23,83222;0;SES;TRUE;0;0;0;18424;0;0;0;0;0;0;0;0
12/06/2020;Brazil;SP;Apiaí/SP;3502705;0;0;0;3;0;12,3082;0;SES;TRUE;0;0;0;18367;0;0;0;0;0;0;1;0
12/06/2020;Brazil;SP;Araçariguama/SP;3502754;0;1;3;28;4,47147;125,20122;0,03571;SES;TRUE;18377;0;0;18363;0;46;61;0;0;0;0;1
12/06/2020;Brazil;SP;Araçatuba/SP;3502804;0;8;4;261;4,06058;132,47655;0,03065;SES;TRUE;18374;0;27;18352;44;8;15;25;35;0;0;0
12/06/2020;Brazil;SP;Araçoiaba da Serra/SP;3502903;0;1;2;57;2,9286;166,93024;0,01754;SES;TRUE;18403;0;0;18362;0;33;39;60;0;0;0;1
12/06/2020;Brazil;SP;Aramina/SP;3503000;0;1;0;1;17,79359;17,79359;1;SES;TRUE;18424;0;0;18424;0;0;0;0;0;0;0;1
12/06/2020;Brazil;SP;Arandu/SP;3503109;0;2;0;12;31,46138;188,76829;0,16667;SES;TRUE;18375;0;0;18369;0;14;0;0;0;0;0;0
12/06/2020;Brazil;SP;Arapeí/SP;3503158;0;1;0;1;40,50223;40,50223;1;SES;TRUE;18422;0;0;18422;0;0;0;0;0;0;0;0
12/06/2020;Brazil;SP;Araraquara/SP;3503208;0;6;29;497;2,5416;210,52899;0,01207;SES;TRUE;18362;0;56;18354;36;9;13;19;33;0;1;0
12/06/2020;Brazil;SP;Araras/SP;3503307;0;3;9;182;2,23487;135,58211;0,01648;SES;TRUE;18380;0;0;18359;52;17;29;36;46;0;0;1
0;0;0;0;3503356;0;0;0;0;0;0;0;0;0;0;0;0;0;0;0;0;0;0;0;0;0
12/06/2020;Brazil;SP;Arealva/SP;3503406;0;0;0;1;0;11,68224;0;SES;TRUE;0;0;0;18378;0;0;0;0;0;0;0;0
0;0;0;0;3503505;0;0;0;0;0;0;0;0;0;0;0;0;0;0;0;0;0;0;0;0;0
12/06/2020;Brazil;SP;Areiópolis/SP;3503604;0;3;1;11;26,9566;98,84087;0,27273;SES;TRUE;18408;0;0;18375;0;36;0;0;0;0;0;0
12/06/2020;Brazil;SP;Ariranha/SP;3503703;0;0;0;2;0;20,6868;0;SES;TRUE;0;0;0;18402;0;0;0;0;0;0;0;0
12/06/2020;Brazil;SP;Artur Nogueira/SP;3503802;0;2;0;40;3,67593;73,5186;0,05;SES;TRUE;18412;0;0;18361;0;42;55;0;0;0;0;0
12/06/2020;Brazil;SP;Arujá/SP;3503901;0;27;6;328;30,05878;365,15853;0,08232;SES;TRUE;18354;43;37;18347;44;15;24;35;41;0;0;1
12/06/2020;Brazil;SP;Aspásia/SP;3503950;0;0;0;2;0;109,76948;0;SES;TRUE;0;0;0;18415;0;0;0;0;0;0;0;0
12/06/2020;Brazil;SP;Assis/SP;3504008;0;5;2;76;4,78991;72,8067;0,06579;SES;TRUE;18361;0;40;18354;0;27;41;57;71;0;0;1
12/06/2020;Brazil;SP;Atibaia/SP;3504107;0;5;1;112;3,50236;78,4528;0,04464;SES;TRUE;18367;0;41;18355;64;6;24;41;50;0;0;1
12/06/2020;Brazil;SP;Auriflama/SP;3504206;0;0;1;7;0;46,08598;0;SES;TRUE;0;0;0;18379;0;0;0;0;0;1;0;0
12/06/2020;Brazil;SP;Avaí/SP;3504305;0;0;0;2;0;37,01647;0;SES;TRUE;0;0;0;18370;0;0;0;0;0;0;0;0
12/06/2020;Brazil;SP;Avanhandava/SP;3504404;0;0;0;1;0;7,32654;0;SES;TRUE;0;0;0;18390;0;0;0;0;0;1;0;0
12/06/2020;Brazil;SP;Avaré/SP;3504503;0;7;1;84;7,72158;92,65898;0,08333;SES;TRUE;18366;0;45;18360;0;16;28;50;59;0;0;1
12/06/2020;Brazil;SP;Bady Bassitt/SP;3504602;0;4;1;37;22,85453;211,40441;0,10811;SES;TRUE;18385;0;0;18360;0;34;50;0;0;0;1;0
0;0;0;0;3504701;0;0;0;0;0;0;0;0;0;0;0;0;0;0;0;0;0;0;0;1;0
12/06/2020;Brazil;SP;Bálsamo/SP;3504800;0;0;2;6;0;66,16674;0;SES;TRUE;0;0;0;18401;0;0;0;0;0;0;0;0
12/06/2020;Brazil;SP;Bananal/SP;3504909;0;0;0;6;0;54,81955;0;SES;TRUE;0;0;0;18389;0;0;0;0;0;0;0;0
12/06/2020;Brazil;SP;Barão de Antonina/SP;3505005;0;0;0;1;0;28,82675;0;SES;TRUE;0;0;0;18402;0;0;0;0;0;0;0;0
12/06/2020;Brazil;SP;Barbosa/SP;3505104;0;0;0;0;0;0;0;SES;TRUE;0;0;0;0;0;0;0;0;0;0;0;0
12/06/2020;Brazil;SP;Bariri/SP;3505203;0;1;2;32;2,83575;90,7441;0,03125;SES;TRUE;18399;0;0;18366;0;45;57;0;0;0;0;0
12/06/2020;Brazil;SP;Barra Bonita/SP;3505302;0;2;4;67;5,53618;185,46199;0,02985;SES;TRUE;18380;0;0;18376;0;16;35;43;0;0;0;0
0;0;0;0;3505351;0;0;0;0;0;0;0;0;0;0;0;0;0;0;0;0;0;0;0;0;0
12/06/2020;Brazil;SP;Barra do Turvo/SP;3505401;0;1;0;11;13,05653;143,62188;0,09091;SES;TRUE;18400;0;0;18361;0;59;0;0;0;0;0;1
12/06/2020;Brazil;SP;Barretos/SP;3505500;0;14;34;386;11,4662;316,13949;0,03627;SES;TRUE;18373;37;23;18359;39;14;22;24;36;0;1;0
12/06/2020;Brazil;SP;Barrinha/SP;3505609;0;2;1;47;6,09533;143,24028;0,04255;SES;TRUE;18375;0;0;18375;0;24;44;0;0;0;0;0
12/06/2020;Brazil;SP;Barueri/SP;3505708;1;161;26;1577;58,72012;575,1654;0,10209;SES;TRUE;18355;21;13;18339;30;13;15;27;29;0;0;1
12/06/2020;Brazil;SP;Bastos/SP;3505807;0;0;0;2;0;9,54517;0;SES;TRUE;0;0;0;18403;0;0;0;0;0;0;0;0
12/06/2020;Brazil;SP;Batatais/SP;3505906;0;1;0;33;1,5998;52,79324;0,0303;SES;TRUE;18380;0;0;18360;0;51;62;0;0;0;1;0
12/06/2020;Brazil;SP;Bauru/SP;3506003;0;17;2;469;4,51146;124,46327;0,03625;SES;TRUE;18357;34;18;18352;30;9;17;18;26;0;1;0
12/06/2020;Brazil;SP;Bebedouro/SP;3506102;0;2;2;44;2,58078;56,77712;0,04545;SES;TRUE;18395;0;0;18359;0;36;58;0;0;0;1;0
12/06/2020;Brazil;SP;Bento de Abreu/SP;3506201;0;0;0;1;0;33,55705;0;SES;TRUE;0;0;0;18419;0;0;0;0;0;0;0;0
12/06/2020;Brazil;SP;Bernardino de Campos/SP;3506300;0;0;0;1;0;8,97022;0;SES;TRUE;0;0;0;18388;0;0;0;0;0;0;0;0
12/06/2020;Brazil;SP;Bertioga/SP;3506359;0;9;0;161;14,22947;254,54948;0,0559;SES;TRUE;18387;0;21;18387;30;8;9;25;29;0;1;0
12/06/2020;Brazil;SP;Bilac/SP;3506409;0;0;0;1;0;12,4471;0;SES;TRUE;0;0;0;18367;0;0;0;0;0;0;0;0
12/06/2020;Brazil;SP;Birigui/SP;3506508;0;2;5;81;1,61763;65,51384;0,02469;SES;TRUE;18410;0;0;18358;0;19;27;43;66;0;0;0
12/06/2020;Brazil;SP;Biritiba-Mirim/SP;3506607;0;4;0;45;12,27069;138,04528;0,08889;SES;TRUE;18397;0;0;18375;0;13;24;0;0;0;0;0
12/06/2020;Brazil;SP;Boa Esperança do Sul/SP;3506706;0;1;0;17;6,70107;113,91811;0,05882;SES;TRUE;18420;0;0;18402;0;4;0;0;0;0;0;0
12/06/2020;Brazil;SP;Bocaina/SP;3506805;0;1;3;16;8,11096;129,77533;0,0625;SES;TRUE;18410;0;0;18380;0;35;0;0;0;0;0;0
12/06/2020;Brazil;SP;Bofete/SP;3506904;0;2;0;29;17,0503;247,22933;0,06897;SES;TRUE;18408;0;0;18405;0;14;14;0;0;0;0;1
12/06/2020;Brazil;SP;Boituva/SP;3507001;0;5;0;104;8,19712;170,50019;0,04808;SES;TRUE;18391;0;27;18358;66;24;37;52;60;0;0;1
12/06/2020;Brazil;SP;Bom Jesus dos Perdões/SP;3507100;0;0;0;23;0;90,38038;0;SES;TRUE;0;0;0;18377;0;28;0;0;0;0;0;0
0;0;0;0;3507159;0;0;0;0;0;0;0;0;0;0;0;0;0;0;0;0;0;0;0;0;0
12/06/2020;Brazil;SP;Borá/SP;3507209;0;0;0;1;0;119,47431;0;SES;TRUE;0;0;0;18416;0;0;0;0;0;0;0;0
12/06/2020;Brazil;SP;Boracéia/SP;3507308;0;0;0;14;0;290,27576;0;SES;TRUE;0;0;0;18398;0;22;0;0;0;0;0;0
12/06/2020;Brazil;SP;Borborema/SP;3507407;0;0;1;14;0;87,24916;0;SES;TRUE;0;0;0;18376;0;35;0;0;0;0;0;0
12/06/2020;Brazil;SP;Borebi/SP;3507456;0;0;0;5;0;188,46589;0;SES;TRUE;0;0;0;18377;0;0;0;0;0;0;0;0
12/06/2020;Brazil;SP;Botucatu/SP;3507506;0;9;14;425;6,14347;290,10833;0,02118;SES;TRUE;18360;0;29;18356;36;5;13;24;32;0;0;0
12/06/2020;Brazil;SP;Bragança Paulista/SP;3507605;0;12;1;315;7,11457;186,75742;0,0381;SES;TRUE;18359;22;6;18359;32;0;3;22;28;0;0;1
12/06/2020;Brazil;SP;Braúna/SP;3507704;0;0;0;2;0;35,17411;0;SES;TRUE;0;0;0;18420;0;0;0;0;0;0;0;0
12/06/2020;Brazil;SP;Brejo Alegre/SP;3507753;0;0;0;2;0;69,80803;0;SES;TRUE;0;0;0;18388;0;0;0;0;0;0;0;0
12/06/2020;Brazil;SP;Brodowski/SP;3507803;1;2;3;42;8,01957;168,41092;0,04762;SES;TRUE;18410;0;0;18351;0;36;67;0;0;0;0;0
12/06/2020;Brazil;SP;Brotas/SP;3507902;0;0;0;6;0;24,58714;0;SES;TRUE;0;0;0;18395;0;0;0;0;0;0;1;0
12/06/2020;Brazil;SP;Buri/SP;3508009;0;0;0;10;0;50,30687;0;SES;TRUE;0;0;0;18397;0;26;0;0;0;0;0;1
12/06/2020;Brazil;SP;Buritama/SP;3508108;0;0;0;18;0;104,993;0;SES;TRUE;0;0;0;18367;0;29;0;0;0;1;0;0
12/06/2020;Brazil;SP;Buritizal/SP;3508207;0;0;0;4;0;89,26579;0;SES;TRUE;0;0;0;18412;0;0;0;0;0;0;0;1
12/06/2020;Brazil;SP;Cabrália Paulista/SP;3508306;0;0;0;2;0;46,90432;0;SES;TRUE;0;0;0;18422;0;0;0;0;0;0;1;0
12/06/2020;Brazil;SP;Cabreúva/SP;3508405;0;4;3;108;8,04716;217,27322;0,03704;SES;TRUE;18401;0;0;18374;50;22;23;38;44;0;0;0
12/06/2020;Brazil;SP;Caçapava/SP;3508504;-1;3;0;91;3,18258;96,53841;0,03297;SES;TRUE;18391;0;0;18360;0;15;42;53;62;0;0;1
12/06/2020;Brazil;SP;Cachoeira Paulista/SP;3508603;0;1;1;16;3,00057;48,00912;0,0625;SES;TRUE;18419;0;0;18352;0;65;0;0;0;0;0;1
12/06/2020;Brazil;SP;Caconde/SP;3508702;0;0;0;2;0;10,53463;0;SES;TRUE;0;0;0;18380;0;0;0;0;0;0;1;0
0;0;0;0;3508801;0;0;0;0;0;0;0;0;0;0;0;0;0;0;0;0;0;0;0;1;0
12/06/2020;Brazil;SP;Caiabu/SP;3508900;0;1;0;5;23,86065;119,30327;0,2;SES;TRUE;18363;0;0;18363;0;0;0;0;0;0;0;0
12/06/2020;Brazil;SP;Caieiras/SP;3509007;0;40;18;426;39,42052;419,82852;0,0939;SES;TRUE;18352;24;14;18346;38;7;14;28;35;0;0;0
12/06/2020;Brazil;SP;Caiuá/SP;3509106;0;0;0;3;0;51,07252;0;SES;TRUE;0;0;0;18417;0;0;0;0;0;0;1;0
12/06/2020;Brazil;SP;Cajamar/SP;3509205;1;29;25;441;37,75993;574,21127;0,06576;SES;TRUE;18362;29;21;18351;44;23;29;32;39;0;0;1
12/06/2020;Brazil;SP;Cajati/SP;3509254;0;0;0;32;0;112,08799;0;SES;TRUE;0;0;0;18375;0;23;49;0;0;0;0;1
12/06/2020;Brazil;SP;Cajobi/SP;3509304;0;1;0;9;9,48587;85,37279;0,11111;SES;TRUE;18403;0;0;18382;0;0;0;0;0;0;1;0
12/06/2020;Brazil;SP;Cajuru/SP;3509403;0;1;1;8;3,82161;30,57286;0,125;SES;TRUE;18395;0;0;18366;0;0;0;0;0;0;0;0
12/06/2020;Brazil;SP;Campina do Monte Alegre/SP;3509452;0;0;0;20;0;332,00531;0;SES;TRUE;0;0;0;18397;0;22;0;0;0;0;0;1
12/06/2020;Brazil;SP;Campinas/SP;3509502;6;136;199;3490;11,295;289,84954;0,03897;SES;TRUE;18352;24;8;18339;23;12;17;20;22;0;0;1
12/06/2020;Brazil;SP;Campo Limpo Paulista/SP;3509601;0;15;3;141;17,72002;166,56822;0,10638;SES;TRUE;18369;46;35;18368;50;9;21;37;47;0;0;0
12/06/2020;Brazil;SP;Campos do Jordão/SP;3509700;0;1;8;72;1,91983;138,22761;0,01389;SES;TRUE;18411;0;0;18365;0;32;44;57;0;0;1;0
12/06/2020;Brazil;SP;Campos Novos Paulista/SP;3509809;0;0;0;0;0;0;0;SES;TRUE;0;0;0;0;0;0;0;0;0;0;0;1
12/06/2020;Brazil;SP;Cananéia/SP;3509908;0;2;0;20;15,94896;159,48963;0,1;SES;TRUE;18382;0;0;18370;0;19;0;0;0;0;1;0
12/06/2020;Brazil;SP;Canas/SP;3509957;0;0;0;1;0;19,46283;0;SES;TRUE;0;0;0;18389;0;0;0;0;0;0;0;1
12/06/2020;Brazil;SP;Cândido Mota/SP;3510005;0;0;0;14;0;44,75703;0;SES;TRUE;0;0;0;18387;0;34;0;0;0;0;0;0
12/06/2020;Brazil;SP;Cândido Rodrigues/SP;3510104;0;0;0;17;0;608,66452;0;SES;TRUE;0;0;0;18404;0;12;0;0;0;0;0;0
0;0;0;0;3510153;0;0;0;0;0;0;0;0;0;0;0;0;0;0;0;0;0;0;0;0;0
12/06/2020;Brazil;SP;Capão Bonito/SP;3510203;0;4;0;29;8,48572;61,52149;0,13793;SES;TRUE;18379;0;0;18367;0;28;53;0;0;0;1;0
12/06/2020;Brazil;SP;Capela do Alto/SP;3510302;0;0;1;55;0;265,62349;0;SES;TRUE;0;0;0;18373;0;23;33;49;0;0;0;1
12/06/2020;Brazil;SP;Capivari/SP;3510401;0;0;4;81;0;145,24458;0;SES;TRUE;0;0;0;18401;0;15;15;15;23;0;1;0
12/06/2020;Brazil;SP;Caraguatatuba/SP;3510500;0;10;5;230;8,22829;189,25057;0,04348;SES;TRUE;18359;60;56;18358;43;12;22;32;37;0;1;0
12/06/2020;Brazil;SP;Carapicuíba/SP;3510609;1;107;55;1508;26,68815;376,12832;0,07095;SES;TRUE;18354;28;21;18335;38;19;26;33;37;0;0;0
12/06/2020;Brazil;SP;Cardoso/SP;3510708;0;0;0;0;0;0;0;SES;TRUE;0;0;0;0;0;0;0;0;0;1;0;0
12/06/2020;Brazil;SP;Casa Branca/SP;3510807;0;0;0;9;0;29,62475;0;SES;TRUE;0;0;0;18395;0;0;0;0;0;0;1;0
12/06/2020;Brazil;SP;Cássia dos Coqueiros/SP;3510906;0;0;1;7;0;277,44748;0;SES;TRUE;0;0;0;18412;0;0;0;0;0;0;0;0
12/06/2020;Brazil;SP;Castilho/SP;3511003;0;1;0;6;4,76054;28,56327;0,16667;SES;TRUE;18405;0;0;18368;0;0;0;0;0;1;0;0
12/06/2020;Brazil;SP;Catanduva/SP;3511102;0;12;10;210;9,8472;172,32607;0,05714;SES;TRUE;18360;56;35;18359;49;16;29;36;42;1;0;0
12/06/2020;Brazil;SP;Catiguá/SP;3511201;0;0;0;7;0;89,69759;0;SES;TRUE;0;0;0;18393;0;0;0;0;0;1;0;0
12/06/2020;Brazil;SP;Cedral/SP;3511300;0;0;0;8;0;86,60821;0;SES;TRUE;0;0;0;18356;0;0;0;0;0;1;0;0
12/06/2020;Brazil;SP;Cerqueira César/SP;3511409;0;0;0;7;0;35,02627;0;SES;TRUE;0;0;0;18388;0;0;0;0;0;0;0;1
12/06/2020;Brazil;SP;Cerquilho/SP;3511508;0;3;1;26;6,12883;53,11651;0,11538;SES;TRUE;18396;0;0;18396;0;9;27;0;0;0;1;0
12/06/2020;Brazil;SP;Cesário Lange/SP;3511607;0;1;0;11;5,51025;60,61274;0,09091;SES;TRUE;18405;0;0;18400;0;24;0;0;0;0;0;1
12/06/2020;Brazil;SP;Charqueada/SP;3511706;0;3;0;70;17,45201;407,2135;0,04286;SES;TRUE;18383;0;0;18382;0;8;19;27;0;0;0;0
0;0;0;0;3511904;0;0;0;0;0;0;0;0;0;0;0;0;0;0;0;0;0;0;0;0;0
12/06/2020;Brazil;SP;Colina/SP;3512001;0;2;1;12;10,82954;64,97726;0,16667;SES;TRUE;18397;0;0;18380;0;36;0;0;0;0;1;0
12/06/2020;Brazil;SP;Colômbia/SP;3512100;0;0;1;1;0;16,10306;0;SES;TRUE;0;0;0;18425;0;0;0;0;0;0;1;0
12/06/2020;Brazil;SP;Conchal/SP;3512209;0;0;0;14;0;49,91087;0;SES;TRUE;0;0;0;18383;0;35;0;0;0;0;0;0
12/06/2020;Brazil;SP;Conchas/SP;3512308;0;2;1;14;11,17568;78,22977;0,14286;SES;TRUE;18368;0;0;18366;0;49;0;0;0;0;0;0
12/06/2020;Brazil;SP;Cordeirópolis/SP;3512407;0;2;0;69;8,15395;281,31115;0,02899;SES;TRUE;18420;0;0;18376;0;15;20;41;0;0;0;1
12/06/2020;Brazil;SP;Coroados/SP;3512506;0;1;0;14;16,5071;231,09937;0,07143;SES;TRUE;18402;0;0;18383;0;19;0;0;0;0;0;0
12/06/2020;Brazil;SP;Coronel Macedo/SP;3512605;0;1;0;2;21,36296;42,72591;0,5;SES;TRUE;18424;0;0;18411;0;0;0;0;0;0;0;1
12/06/2020;Brazil;SP;Corumbataí/SP;3512704;0;0;0;8;0;197,2873;0;SES;TRUE;0;0;0;18419;0;0;0;0;0;0;1;0
12/06/2020;Brazil;SP;Cosmópolis/SP;3512803;1;2;4;85;2,76809;117,6438;0,02353;SES;TRUE;18411;0;0;18380;0;18;35;39;43;0;0;0
12/06/2020;Brazil;SP;Cosmorama/SP;3512902;0;1;0;6;13,68551;82,11304;0,16667;SES;TRUE;18411;0;0;18380;0;0;0;0;0;0;0;0
12/06/2020;Brazil;SP;Cotia/SP;3513009;0;64;18;810;25,68115;325,02709;0,07901;SES;TRUE;18353;24;17;18339;37;13;16;23;30;0;0;1
12/06/2020;Brazil;SP;Cravinhos/SP;3513108;0;4;0;38;11,33401;107,67313;0,10526;SES;TRUE;18355;0;0;18355;0;34;62;0;0;0;0;1
12/06/2020;Brazil;SP;Cristais Paulista/SP;3513207;0;0;0;1;0;11,58614;0;SES;TRUE;0;0;0;18424;0;0;0;0;0;0;0;0
0;0;0;0;3513306;0;0;0;0;0;0;0;0;0;0;0;0;0;0;0;0;0;0;0;0;0
12/06/2020;Brazil;SP;Cruzeiro/SP;3513405;0;2;0;42;2,43197;51,07128;0,04762;SES;TRUE;18368;0;0;18367;0;21;45;0;0;0;0;1
12/06/2020;Brazil;SP;Cubatão/SP;3513504;1;50;87;994;38,25408;760,49118;0,0503;SES;TRUE;18389;12;2;18362;33;8;12;27;29;0;0;1
12/06/2020;Brazil;SP;Cunha/SP;3513603;0;0;1;6;0;27,8461;0;SES;TRUE;0;0;0;18388;0;0;0;0;0;0;1;0
12/06/2020;Brazil;SP;Descalvado/SP;3513702;0;1;0;14;2,96577;41,52085;0,07143;SES;TRUE;18409;0;0;18399;0;18;0;0;0;0;1;0
12/06/2020;Brazil;SP;Diadema/SP;3513801;9;125;46;1886;29,4892;444,93305;0,06628;SES;TRUE;18355;21;15;18348;20;7;10;13;19;0;0;0
12/06/2020;Brazil;SP;Dirce Reis/SP;3513850;0;0;0;1;0;55,77245;0;SES;TRUE;0;0;0;18423;0;0;0;0;0;0;0;0
12/06/2020;Brazil;SP;Divinolândia/SP;3513900;0;0;0;1;0;8,97183;0;SES;TRUE;0;0;0;18390;0;0;0;0;0;0;1;0
12/06/2020;Brazil;SP;Dobrada/SP;3514007;0;0;0;4;0;44,79785;0;SES;TRUE;0;0;0;18376;0;0;0;0;0;0;1;0
12/06/2020;Brazil;SP;Dois Córregos/SP;3514106;0;2;0;6;7,32198;21,96595;0,33333;SES;TRUE;18395;0;0;18388;0;0;0;0;0;0;1;0
12/06/2020;Brazil;SP;Dolcinópolis/SP;3514205;0;1;0;5;47,28132;236,40662;0,2;SES;TRUE;18413;0;0;18405;0;0;0;0;0;0;0;0
12/06/2020;Brazil;SP;Dourado/SP;3514304;0;0;4;14;0;157,78204;0;SES;TRUE;0;0;0;18398;0;26;0;0;0;0;0;0
12/06/2020;Brazil;SP;Dracena/SP;3514403;0;2;2;40;4,27414;85,48287;0,05;SES;TRUE;18356;0;0;18354;0;33;50;0;0;0;1;0
12/06/2020;Brazil;SP;Duartina/SP;3514502;0;0;1;14;0;112,49498;0;SES;TRUE;0;0;0;18368;0;55;0;0;0;0;0;0
12/06/2020;Brazil;SP;Dumont/SP;3514601;0;0;0;5;0;50,66883;0;SES;TRUE;0;0;0;18388;0;0;0;0;0;0;0;0
12/06/2020;Brazil;SP;Echaporã/SP;3514700;0;0;0;2;0;32,77614;0;SES;TRUE;0;0;0;18416;0;0;0;0;0;0;0;0
12/06/2020;Brazil;SP;Eldorado/SP;3514809;0;1;0;13;6,45411;83,90345;0,07692;SES;TRUE;18364;0;0;18361;0;61;0;0;0;0;0;0
12/06/2020;Brazil;SP;Elias Fausto/SP;3514908;0;1;0;18;5,62683;101,28292;0,05556;SES;TRUE;18394;0;0;18372;0;46;0;0;0;0;0;0
12/06/2020;Brazil;SP;Elisiário/SP;3514924;0;0;0;1;0;27,38976;0;SES;TRUE;0;0;0;18395;0;0;0;0;0;0;0;0
12/06/2020;Brazil;SP;Embaúba/SP;3514957;0;0;0;9;0;367,04731;0;SES;TRUE;0;0;0;18415;0;0;0;0;0;0;0;0
12/06/2020;Brazil;SP;Embu das Artes/SP;3515004;1;67;30;791;24,47703;288,97511;0,0847;SES;TRUE;18351;30;22;18346;35;8;14;22;31;0;0;1
12/06/2020;Brazil;SP;Embu-Guaçu/SP;3515103;0;10;2;180;14,41234;259,42207;0,05556;SES;TRUE;18375;35;13;18358;51;17;24;37;45;0;0;0
12/06/2020;Brazil;SP;Emilianópolis/SP;3515129;0;0;0;4;0;124,45551;0;SES;TRUE;0;0;0;18394;0;0;0;0;0;0;1;0
12/06/2020;Brazil;SP;Engenheiro Coelho/SP;3515152;0;0;5;25;0;120,34853;0;SES;TRUE;0;0;0;18376;0;28;49;0;0;0;0;0
12/06/2020;Brazil;SP;Espírito Santo do Pinhal/SP;3515186;0;0;0;20;0;45,11617;0;SES;TRUE;0;0;0;18375;0;34;0;0;0;0;0;0
0;0;0;0;3515194;0;0;0;0;0;0;0;0;0;0;0;0;0;0;0;0;0;0;0;0;1
12/06/2020;Brazil;SP;Estrela d'Oeste/SP;3515202;0;0;2;24;0;285,06949;0;SES;TRUE;0;0;0;18376;0;43;0;0;0;0;0;0
0;0;0;0;3515301;0;0;0;0;0;0;0;0;0;0;0;0;0;0;0;0;0;0;0;0;0
12/06/2020;Brazil;SP;Euclides da Cunha Paulista/SP;3515350;0;0;0;4;0;42,68488;0;SES;TRUE;0;0;0;18405;0;0;0;0;0;0;0;0
12/06/2020;Brazil;SP;Fartura/SP;3515400;0;1;3;10;6,23597;62,35969;0,1;SES;TRUE;18394;0;0;18368;0;57;0;0;0;0;0;0
12/06/2020;Brazil;SP;Fernandópolis/SP;3515509;0;1;0;160;1,44684;231,49488;0,00625;SES;TRUE;18422;0;0;18367;53;15;35;44;50;0;0;0
12/06/2020;Brazil;SP;Fernando Prestes/SP;3515608;0;0;0;6;0;103,75238;0;SES;TRUE;0;0;0;18394;0;0;0;0;0;1;0;0
12/06/2020;Brazil;SP;Fernão/SP;3515657;0;0;0;0;0;0;0;SES;TRUE;0;0;0;0;0;0;0;0;0;0;0;0
12/06/2020;Brazil;SP;Ferraz de Vasconcelos/SP;3515707;1;56;17;581;28,82497;299,05907;0,09639;SES;TRUE;18366;20;14;18333;51;21;27;36;46;0;0;0
0;0;0;0;3515806;0;0;0;0;0;0;0;0;0;0;0;0;0;0;0;0;0;0;0;0;0
12/06/2020;Brazil;SP;Floreal/SP;3515905;0;0;0;5;0;171,40898;0;SES;TRUE;0;0;0;18410;0;0;0;0;0;1;0;0
12/06/2020;Brazil;SP;Flórida Paulista/SP;3516002;0;0;0;12;0;81,96721;0;SES;TRUE;0;0;0;18390;0;27;0;0;0;0;0;0
0;0;0;0;3516101;0;0;0;0;0;0;0;0;0;0;0;0;0;0;0;0;0;0;0;0;0
12/06/2020;Brazil;SP;Franca/SP;3516200;0;6;0;103;1,69882;29,16302;0,05825;SES;TRUE;18366;0;52;18354;70;27;37;47;58;0;0;0
12/06/2020;Brazil;SP;Francisco Morato/SP;3516309;1;35;14;637;19,90401;362,25291;0,05495;SES;TRUE;18354;34;28;18354;33;8;16;24;28;0;0;0
12/06/2020;Brazil;SP;Franco da Rocha/SP;3516408;2;55;8;567;35,60124;367,01642;0,097;SES;TRUE;18355;24;20;18352;27;8;15;17;24;0;0;0
12/06/2020;Brazil;SP;Gabriel Monteiro/SP;3516507;0;0;0;2;0;72,04611;0;SES;TRUE;0;0;0;18415;0;0;0;0;0;0;0;0
12/06/2020;Brazil;SP;Gália/SP;3516606;0;0;0;0;0;0;0;SES;TRUE;0;0;0;0;0;0;0;0;0;0;0;0
12/06/2020;Brazil;SP;Garça/SP;3516705;0;0;0;15;0;33,79139;0;SES;TRUE;0;0;0;18365;0;45;0;0;0;0;0;0
12/06/2020;Brazil;SP;Gastão Vidigal/SP;3516804;0;4;1;28;83,19468;582,36273;0,14286;SES;TRUE;18397;0;0;18389;0;28;33;0;0;0;0;0
12/06/2020;Brazil;SP;Gavião Peixoto/SP;3516853;0;0;0;10;0;208,81186;0;SES;TRUE;0;0;0;18404;0;20;0;0;0;0;1;0
12/06/2020;Brazil;SP;General Salgado/SP;3516903;0;0;2;26;0;239,21244;0;SES;TRUE;0;0;0;18394;0;24;31;0;0;1;0;0
12/06/2020;Brazil;SP;Getulina/SP;3517000;0;0;0;1;0;8,76501;0;SES;TRUE;0;0;0;18390;0;0;0;0;0;0;1;0
0;0;0;0;3517109;0;0;0;0;0;0;0;0;0;0;0;0;0;0;0;0;0;0;0;0;0
12/06/2020;Brazil;SP;Guaiçara/SP;3517208;0;0;0;18;0;147,92899;0;SES;TRUE;0;0;0;18391;0;26;0;0;0;0;1;0
12/06/2020;Brazil;SP;Guaimbê/SP;3517307;0;1;0;4;17,34605;69,38422;0,25;SES;TRUE;18417;0;0;18396;0;0;0;0;0;0;1;0
12/06/2020;Brazil;SP;Guaíra/SP;3517406;0;0;5;58;0;142,19171;0;SES;TRUE;0;0;0;18376;0;27;36;47;0;0;0;0
12/06/2020;Brazil;SP;Guapiaçu/SP;3517505;0;6;1;64;27,96681;298,31267;0,09375;SES;TRUE;18405;0;15;18388;0;13;20;31;0;0;1;0
12/06/2020;Brazil;SP;Guapiara/SP;3517604;0;3;0;8;17,48557;46,6282;0,375;SES;TRUE;18411;0;0;18394;0;0;0;0;0;0;1;0
12/06/2020;Brazil;SP;Guará/SP;3517703;0;1;0;2;4,71254;9,42507;0,5;SES;TRUE;18380;0;0;18380;0;0;0;0;0;0;0;1
12/06/2020;Brazil;SP;Guaraçaí/SP;3517802;0;0;0;4;0;48,05959;0;SES;TRUE;0;0;0;18387;0;0;0;0;0;0;0;0
12/06/2020;Brazil;SP;Guaraci/SP;3517901;0;0;0;4;0;35,75259;0;SES;TRUE;0;0;0;18396;0;0;0;0;0;0;0;0
12/06/2020;Brazil;SP;Guarani d'Oeste/SP;3518008;0;0;1;2;0;100;0;SES;TRUE;0;0;0;18397;0;0;0;0;0;0;0;0
12/06/2020;Brazil;SP;Guarantã/SP;3518107;0;0;0;10;0;150,06002;0;SES;TRUE;0;0;0;18410;0;7;0;0;0;0;1;0
12/06/2020;Brazil;SP;Guararapes/SP;3518206;0;1;1;32;3,03591;97,14928;0,03125;SES;TRUE;18398;0;0;18356;0;32;66;0;0;0;0;0
12/06/2020;Brazil;SP;Guararema/SP;3518305;1;8;7;73;26,84744;244,98288;0,10959;SES;TRUE;18380;0;24;18360;0;28;41;57;0;0;0;1
12/06/2020;Brazil;SP;Guaratinguetá/SP;3518404;0;3;2;47;2,46309;38,58848;0,06383;SES;TRUE;18397;0;0;18361;0;35;49;0;0;0;0;1
12/06/2020;Brazil;SP;Guareí/SP;3518503;0;0;0;37;0;199,78402;0;SES;TRUE;0;0;0;18389;0;26;27;0;0;0;0;0
12/06/2020;Brazil;SP;Guariba/SP;3518602;0;1;0;44;2,49345;109,71201;0,02273;SES;TRUE;18419;0;0;18381;0;35;37;0;0;0;1;0
12/06/2020;Brazil;SP;Guarujá/SP;3518701;0;86;7;2319;26,83651;723,64952;0,03708;SES;TRUE;18368;19;12;18352;25;14;16;19;24;0;0;0
12/06/2020;Brazil;SP;Guarulhos/SP;3518800;-1;463;69;4067;33,57062;294,88494;0,11384;SES;TRUE;18346;15;10;18338;22;10;15;17;22;0;0;1
12/06/2020;Brazil;SP;Guatapará/SP;3518859;0;0;0;2;0;26,1233;0;SES;TRUE;0;0;0;18417;0;0;0;0;0;0;0;0
12/06/2020;Brazil;SP;Guzolândia/SP;3518909;0;0;0;1;0;18,98614;0;SES;TRUE;0;0;0;18372;0;0;0;0;0;1;0;0
12/06/2020;Brazil;SP;Herculândia/SP;3519006;0;0;0;15;0;157,46378;0;SES;TRUE;0;0;0;18394;0;24;0;0;0;0;0;0
12/06/2020;Brazil;SP;Holambra/SP;3519055;0;0;0;21;0;140,6564;0;SES;TRUE;0;0;0;18377;0;24;0;0;0;0;0;0
12/06/2020;Brazil;SP;Hortolândia/SP;3519071;0;17;12;280;7,36406;121,29036;0,06071;SES;TRUE;18379;15;11;18341;57;32;41;47;52;0;0;0
12/06/2020;Brazil;SP;Iacanga/SP;3519105;0;0;0;2;0;17,07942;0;SES;TRUE;0;0;0;18388;0;0;0;0;0;0;1;0
12/06/2020;Brazil;SP;Iacri/SP;3519204;0;0;0;2;0;31,64056;0;SES;TRUE;0;0;0;18405;0;0;0;0;0;0;1;0
0;0;0;0;3519253;0;0;0;0;0;0;0;0;0;0;0;0;0;0;0;0;0;0;0;0;1
12/06/2020;Brazil;SP;Ibaté/SP;3519303;0;0;1;47;0;133,88788;0;SES;TRUE;0;0;0;18383;0;18;33;0;0;0;1;0
12/06/2020;Brazil;SP;Ibirá/SP;3519402;0;0;0;4;0;32,27628;0;SES;TRUE;0;0;0;18363;0;0;0;0;0;1;0;0
12/06/2020;Brazil;SP;Ibirarema/SP;3519501;0;0;1;9;0;116,0841;0;SES;TRUE;0;0;0;18387;0;0;0;0;0;0;0;0
12/06/2020;Brazil;SP;Ibitinga/SP;3519600;0;3;8;68;4,99725;113,27103;0,04412;SES;TRUE;18394;0;0;18382;0;20;31;41;0;0;1;0
12/06/2020;Brazil;SP;Ibiúna/SP;3519709;0;6;2;109;7,60668;138,18809;0,05505;SES;TRUE;18387;0;36;18359;65;36;37;38;56;0;0;0
0;0;0;0;3519808;0;0;0;0;0;0;0;0;0;0;0;0;0;0;0;0;0;0;0;1;0
12/06/2020;Brazil;SP;Iepê/SP;3519907;0;1;0;2;12,2564;24,51281;0,5;SES;TRUE;18371;0;0;18371;0;0;0;0;0;0;0;0
12/06/2020;Brazil;SP;Igaraçu do Tietê/SP;3520004;0;1;1;43;4,05285;174,27251;0,02326;SES;TRUE;18415;0;0;18379;0;16;38;0;0;0;0;0
12/06/2020;Brazil;SP;Igarapava/SP;3520103;0;1;3;21;3,28601;69,00631;0,04762;SES;TRUE;18415;0;0;18367;0;50;0;0;0;0;0;1
12/06/2020;Brazil;SP;Igaratá/SP;3520202;0;1;3;119;10,48878;1248,16446;0,0084;SES;TRUE;18415;0;0;18365;55;19;40;49;55;0;0;0
12/06/2020;Brazil;SP;Iguape/SP;3520301;0;0;0;56;0;181,48232;0;SES;TRUE;0;0;0;18370;0;17;33;52;0;0;1;0
12/06/2020;Brazil;SP;Ilhabela/SP;3520400;0;2;1;60;5,71919;171,57564;0,03333;SES;TRUE;18409;0;0;18361;0;34;35;56;0;0;0;0
12/06/2020;Brazil;SP;Ilha Comprida/SP;3520426;0;2;0;38;17,91152;340,31883;0,05263;SES;TRUE;18374;0;0;18358;0;11;47;0;0;0;0;0
12/06/2020;Brazil;SP;Ilha Solteira/SP;3520442;0;0;0;12;0;44,9674;0;SES;TRUE;0;0;0;18369;0;35;0;0;0;0;0;0
12/06/2020;Brazil;SP;Indaiatuba/SP;3520509;0;25;1;193;9,93534;76,70083;0,12953;SES;TRUE;18375;20;15;18353;53;22;29;45;50;0;0;0
12/06/2020;Brazil;SP;Indiana/SP;3520608;0;0;0;20;0;409,41658;0;SES;TRUE;0;0;0;18391;0;18;0;0;0;0;0;0
12/06/2020;Brazil;SP;Indiaporã/SP;3520707;0;0;0;7;0;179,62535;0;SES;TRUE;0;0;0;18410;0;0;0;0;0;0;0;0
12/06/2020;Brazil;SP;Inúbia Paulista/SP;3520806;0;0;0;2;0;50,11275;0;SES;TRUE;0;0;0;18391;0;0;0;0;0;0;1;0
12/06/2020;Brazil;SP;Ipaussu/SP;3520905;0;0;1;3;0;20,03874;0;SES;TRUE;0;0;0;18423;0;0;0;0;0;0;0;0
12/06/2020;Brazil;SP;Iperó/SP;3521002;0;0;0;26;0;70,01858;0;SES;TRUE;0;0;0;18386;0;23;36;0;0;0;0;0
12/06/2020;Brazil;SP;Ipeúna/SP;3521101;0;0;0;8;0;106,01643;0;SES;TRUE;0;0;0;18401;0;0;0;0;0;0;0;0
12/06/2020;Brazil;SP;Ipiguá/SP;3521150;0;2;1;7;37,09199;129,82196;0,28571;SES;TRUE;18395;0;0;18391;0;0;0;0;0;0;0;0
0;0;0;0;3521200;0;0;0;0;0;0;0;0;0;0;0;0;0;0;0;0;0;0;0;0;0
12/06/2020;Brazil;SP;Ipuã/SP;3521309;0;1;0;38;6,09422;231,58023;0,02632;SES;TRUE;18419;0;0;18389;0;8;28;0;0;0;0;0
12/06/2020;Brazil;SP;Iracemápolis/SP;3521408;0;0;0;62;0;255,82835;0;SES;TRUE;0;0;0;18346;0;41;57;76;0;0;1;0
12/06/2020;Brazil;SP;Irapuã/SP;3521507;0;0;0;3;0;37,53284;0;SES;TRUE;0;0;0;18407;0;0;0;0;0;0;0;0
12/06/2020;Brazil;SP;Irapuru/SP;3521606;0;1;0;22;12,05691;265,25199;0,04545;SES;TRUE;18391;0;0;18388;0;24;0;0;0;0;0;0
12/06/2020;Brazil;SP;Itaberá/SP;3521705;0;0;0;1;0;5,69606;0;SES;TRUE;0;0;0;18396;0;0;0;0;0;0;0;0
12/06/2020;Brazil;SP;Itaí/SP;3521804;0;0;0;12;0;44,23963;0;SES;TRUE;0;0;0;18383;0;35;0;0;0;0;0;1
12/06/2020;Brazil;SP;Itajobi/SP;3521903;0;2;0;41;13,10444;268,64107;0,04878;SES;TRUE;18382;0;0;18377;0;13;43;0;0;0;0;0
12/06/2020;Brazil;SP;Itaju/SP;3522000;0;0;1;3;0;78,22686;0;SES;TRUE;0;0;0;18424;0;0;0;0;0;0;0;0
12/06/2020;Brazil;SP;Itanhaém/SP;3522109;0;13;0;101;12,76813;99,19855;0,12871;SES;TRUE;18372;27;26;18353;71;27;42;46;57;0;1;0
12/06/2020;Brazil;SP;Itaóca/SP;3522158;0;0;0;0;0;0;0;SES;TRUE;0;0;0;0;0;0;0;0;0;0;0;0
12/06/2020;Brazil;SP;Itapecerica da Serra/SP;3522208;1;51;13;664;29,02791;377,93196;0,07681;SES;TRUE;18355;32;20;18352;29;7;10;21;25;0;0;1
12/06/2020;Brazil;SP;Itapetininga/SP;3522307;0;9;5;151;5,49112;92,12879;0,0596;SES;TRUE;18362;0;43;18357;53;22;31;41;46;0;0;1
12/06/2020;Brazil;SP;Itapeva/SP;3522406;0;2;0;53;2,11968;56,17144;0,03774;SES;TRUE;18402;0;0;18361;0;20;47;57;0;0;0;1
12/06/2020;Brazil;SP;Itapevi/SP;3522505;4;100;15;757;42,06984;318,46866;0,1321;SES;TRUE;18356;20;11;18351;29;7;16;22;26;0;0;1
12/06/2020;Brazil;SP;Itapira/SP;3522604;0;6;0;82;8,02429;109,66525;0,07317;SES;TRUE;18368;0;54;18356;0;13;48;60;68;0;0;0
0;0;0;0;3522653;0;0;0;0;0;0;0;0;0;0;0;0;0;0;0;0;0;0;0;0;0
12/06/2020;Brazil;SP;Itápolis/SP;3522703;0;0;0;24;0;55,65863;0;SES;TRUE;0;0;0;18396;0;14;0;0;0;0;0;0
12/06/2020;Brazil;SP;Itaporanga/SP;3522802;0;0;0;3;0;19,80329;0;SES;TRUE;0;0;0;18404;0;0;0;0;0;0;0;1
12/06/2020;Brazil;SP;Itapuí/SP;3522901;0;1;1;19;7,14694;135,79188;0,05263;SES;TRUE;18403;0;0;18388;0;31;0;0;0;0;1;0
12/06/2020;Brazil;SP;Itapura/SP;3523008;0;1;0;5;20,3832;101,91602;0,2;SES;TRUE;18410;0;0;18388;0;0;0;0;0;0;0;0
12/06/2020;Brazil;SP;Itaquaquecetuba/SP;3523107;1;97;22;840;26,15817;226,52439;0,11548;SES;TRUE;18376;2;1;18352;28;4;11;21;25;0;0;0
12/06/2020;Brazil;SP;Itararé/SP;3523206;0;0;1;5;0;9,9004;0;SES;TRUE;0;0;0;18354;0;0;0;0;0;0;0;0
12/06/2020;Brazil;SP;Itariri/SP;3523305;0;3;0;62;17,20578;355,58614;0,04839;SES;TRUE;18375;0;0;18375;0;14;28;40;0;0;1;0
12/06/2020;Brazil;SP;Itatiba/SP;3523404;1;4;3;110;3,30967;91,0159;0,03636;SES;TRUE;18359;0;0;18359;59;25;44;51;52;0;0;0
12/06/2020;Brazil;SP;Itatinga/SP;3523503;0;1;0;29;4,83162;140,11693;0,03448;SES;TRUE;18401;0;0;18361;0;51;61;0;0;0;0;1
12/06/2020;Brazil;SP;Itirapina/SP;3523602;0;0;3;15;0;82,61277;0;SES;TRUE;0;0;0;18376;0;38;0;0;0;0;1;0
12/06/2020;Brazil;SP;Itirapuã/SP;3523701;0;0;0;2;0;30,77397;0;SES;TRUE;0;0;0;18401;0;0;0;0;0;0;0;0
12/06/2020;Brazil;SP;Itobi/SP;3523800;0;0;0;3;0;38,26043;0;SES;TRUE;0;0;0;18388;0;0;0;0;0;0;1;0
12/06/2020;Brazil;SP;Itu/SP;3523909;1;22;0;241;12,64811;138,55432;0,09129;SES;TRUE;18376;23;19;18354;52;26;36;43;45;0;0;1
12/06/2020;Brazil;SP;Itupeva/SP;3524006;0;6;1;94;9,7956;153,46438;0,06383;SES;TRUE;18375;0;43;18351;0;40;52;64;67;0;0;0
12/06/2020;Brazil;SP;Ituverava/SP;3524105;0;0;0;8;0;19,12777;0;SES;TRUE;0;0;0;18379;0;0;0;0;0;0;0;1
12/06/2020;Brazil;SP;Jaborandi/SP;3524204;0;1;1;22;14,4321;317,50613;0,04545;SES;TRUE;18396;0;0;18374;0;27;0;0;0;0;0;0
12/06/2020;Brazil;SP;Jaboticabal/SP;3524303;0;6;0;54;7,76568;69,89115;0,11111;SES;TRUE;18355;0;31;18355;0;20;50;68;0;0;1;0
12/06/2020;Brazil;SP;Jacareí/SP;3524402;4;19;10;357;8,1314;152,78479;0,05322;SES;TRUE;18375;41;26;18360;42;9;16;30;37;0;0;1
12/06/2020;Brazil;SP;Jaci/SP;3524501;0;2;0;80;28,30055;1132,02207;0,025;SES;TRUE;18393;0;0;18361;0;19;35;35;35;0;1;0
12/06/2020;Brazil;SP;Jacupiranga/SP;3524600;0;2;0;19;11,19445;106,34725;0,10526;SES;TRUE;18408;0;0;18383;0;21;0;0;0;0;0;1
12/06/2020;Brazil;SP;Jaguariúna/SP;3524709;0;4;4;88;6,95797;153,07542;0,04545;SES;TRUE;18414;0;0;18339;0;44;57;69;80;0;0;0
12/06/2020;Brazil;SP;Jales/SP;3524808;0;0;9;70;0;142,54587;0;SES;TRUE;0;0;0;18360;0;47;52;61;0;0;0;0
12/06/2020;Brazil;SP;Jambeiro/SP;3524907;0;1;0;10;15,14693;151,46925;0,1;SES;TRUE;18402;0;0;18388;0;36;0;0;0;0;0;0
12/06/2020;Brazil;SP;Jandira/SP;3525003;0;20;14;346;16,00807;276,93958;0,0578;SES;TRUE;18367;38;16;18351;40;17;26;33;37;0;0;1
12/06/2020;Brazil;SP;Jardinópolis/SP;3525102;0;4;3;57;9,01307;128,43623;0,07018;SES;TRUE;18381;0;0;18364;0;31;42;60;0;0;0;1
12/06/2020;Brazil;SP;Jarinu/SP;3525201;1;11;0;59;36,61297;196,37864;0,18644;SES;TRUE;18376;47;28;18376;0;22;34;43;0;0;0;0
12/06/2020;Brazil;SP;Jaú/SP;3525300;1;9;7;279;5,98994;185,68804;0,03226;SES;TRUE;18390;0;14;18354;44;24;30;36;41;0;1;0
0;0;0;0;3525409;0;0;0;0;0;0;0;0;0;0;0;0;0;0;0;0;0;0;0;0;0
12/06/2020;Brazil;SP;Joanópolis/SP;3525508;0;0;0;4;0;30,25719;0;SES;TRUE;0;0;0;18360;0;0;0;0;0;0;0;0
12/06/2020;Brazil;SP;João Ramalho/SP;3525607;0;0;0;3;0;66,32766;0;SES;TRUE;0;0;0;18417;0;0;0;0;0;0;0;0
12/06/2020;Brazil;SP;José Bonifácio/SP;3525706;0;1;0;41;2,70161;110,76591;0,02439;SES;TRUE;18394;0;0;18356;0;46;65;0;0;0;1;0
12/06/2020;Brazil;SP;Júlio Mesquita/SP;3525805;0;0;0;1;0;20,93802;0;SES;TRUE;0;0;0;18418;0;0;0;0;0;0;0;0
0;0;0;0;3525854;0;0;0;0;0;0;0;0;0;0;0;0;0;0;0;0;0;0;0;0;0
12/06/2020;Brazil;SP;Jundiaí/SP;3525904;4;101;84;1928;24,1072;460,18493;0,05239;SES;TRUE;18360;15;12;18346;36;14;22;26;31;0;0;1
12/06/2020;Brazil;SP;Junqueirópolis/SP;3526001;0;1;1;27;4,83582;130,56724;0,03704;SES;TRUE;18397;0;0;18370;0;20;39;0;0;0;0;0
12/06/2020;Brazil;SP;Juquiá/SP;3526100;0;0;1;18;0;95,68361;0;SES;TRUE;0;0;0;18376;0;35;0;0;0;0;0;1
12/06/2020;Brazil;SP;Juquitiba/SP;3526209;0;4;2;66;12,72103;209,89696;0,06061;SES;TRUE;18369;0;0;18369;0;27;41;53;0;0;0;1
0;0;0;0;3526308;0;0;0;0;0;0;0;0;0;0;0;0;0;0;0;0;0;0;0;0;0
12/06/2020;Brazil;SP;Laranjal Paulista/SP;3526407;0;2;0;33;7,01361;115,72451;0,06061;SES;TRUE;18360;0;0;18360;0;44;52;0;0;0;0;0
12/06/2020;Brazil;SP;Lavínia/SP;3526506;0;0;0;2;0;16,69449;0;SES;TRUE;0;0;0;18390;0;0;0;0;0;0;0;0
12/06/2020;Brazil;SP;Lavrinhas/SP;3526605;0;1;0;8;13,7741;110,19284;0,125;SES;TRUE;18376;0;0;18376;0;0;0;0;0;0;0;1
12/06/2020;Brazil;SP;Leme/SP;3526704;0;6;1;67;5,80321;64,80255;0,08955;SES;TRUE;18366;0;50;18366;0;22;46;56;0;0;0;1
12/06/2020;Brazil;SP;Lençóis Paulista/SP;3526803;1;11;63;516;16,07435;754,0332;0,02132;SES;TRUE;18377;43;33;18352;51;37;42;44;46;0;0;0
12/06/2020;Brazil;SP;Limeira/SP;3526902;0;14;29;308;4,57346;100,61611;0,04545;SES;TRUE;18367;48;47;18353;56;20;27;36;48;0;0;1
12/06/2020;Brazil;SP;Lindóia/SP;3527009;0;0;0;4;0;50,12531;0;SES;TRUE;0;0;0;18380;0;0;0;0;0;0;0;0
12/06/2020;Brazil;SP;Lins/SP;3527108;0;6;1;52;7,69103;66,65556;0,11538;SES;TRUE;18366;0;29;18366;0;10;29;57;0;0;1;0
12/06/2020;Brazil;SP;Lorena/SP;3527207;0;4;3;73;4,50928;82,29432;0,05479;SES;TRUE;18391;0;0;18367;0;24;34;49;0;0;0;1
0;0;0;0;3527256;0;0;0;0;0;0;0;0;0;0;0;0;0;0;0;0;0;0;0;0;0
12/06/2020;Brazil;SP;Louveira/SP;3527306;0;4;2;101;8,18247;206,60734;0,0396;SES;TRUE;18383;0;0;18347;78;34;45;63;71;0;0;1
12/06/2020;Brazil;SP;Lucélia/SP;3527405;0;5;0;33;22,99168;151,74507;0,15152;SES;TRUE;18375;0;34;18375;0;12;27;0;0;0;1;0
0;0;0;0;3527504;0;0;0;0;0;0;0;0;0;0;0;0;0;0;0;0;0;0;0;0;0
12/06/2020;Brazil;SP;Luís Antônio/SP;3527603;0;0;0;14;0;93,66428;0;SES;TRUE;0;0;0;18394;0;29;0;0;0;0;0;0
12/06/2020;Brazil;SP;Luiziânia/SP;3527702;0;0;0;1;0;17,27116;0;SES;TRUE;0;0;0;18419;0;0;0;0;0;0;1;0
0;0;0;0;3527801;0;0;0;0;0;0;0;0;0;0;0;0;0;0;0;0;0;0;0;0;1
12/06/2020;Brazil;SP;Lutécia/SP;3527900;0;0;0;0;0;0;0;SES;TRUE;0;0;0;0;0;0;0;0;0;0;0;0
12/06/2020;Brazil;SP;Macatuba/SP;3528007;0;1;5;88;5,82649;512,73087;0,01136;SES;TRUE;18401;0;0;18365;0;40;47;53;58;0;0;0
12/06/2020;Brazil;SP;Macaubal/SP;3528106;0;1;0;13;12,31527;160,09852;0,07692;SES;TRUE;18422;0;0;18403;0;19;0;0;0;0;0;0
12/06/2020;Brazil;SP;Macedônia/SP;3528205;0;0;0;1;0;27,04164;0;SES;TRUE;0;0;0;18367;0;0;0;0;0;0;0;0
12/06/2020;Brazil;SP;Magda/SP;3528304;0;0;0;14;0;448,86181;0;SES;TRUE;0;0;0;18397;0;20;0;0;0;1;0;0
12/06/2020;Brazil;SP;Mairinque/SP;3528403;0;3;4;59;6,36267;125,13256;0,05085;SES;TRUE;18396;0;0;18366;0;25;35;56;0;0;0;1
12/06/2020;Brazil;SP;Mairiporã/SP;3528502;0;21;0;153;20,96248;152,72662;0,13725;SES;TRUE;18356;53;35;18347;57;22;34;44;49;0;0;1
12/06/2020;Brazil;SP;Manduri/SP;3528601;0;0;0;7;0;71,09486;0;SES;TRUE;0;0;0;18401;0;0;0;0;0;0;0;0
0;0;0;0;3528700;0;0;0;0;0;0;0;0;0;0;0;0;0;0;0;0;0;0;0;1;0
0;0;0;0;3528809;0;0;0;0;0;0;0;0;0;0;0;0;0;0;0;0;0;0;0;0;1
12/06/2020;Brazil;SP;Marapoama/SP;3528858;0;0;0;1;0;32,99241;0;SES;TRUE;0;0;0;18388;0;0;0;0;0;0;0;0
12/06/2020;Brazil;SP;Mariápolis/SP;3528908;0;0;0;1;0;24,4858;0;SES;TRUE;0;0;0;18411;0;0;0;0;0;0;1;0
12/06/2020;Brazil;SP;Marília/SP;3529005;0;4;4;152;1,67447;63,62974;0,02632;SES;TRUE;18367;0;0;18355;68;26;42;57;62;0;1;0
12/06/2020;Brazil;SP;Marinópolis/SP;3529104;0;0;0;0;0;0;0;SES;TRUE;0;0;0;0;0;0;0;0;0;0;0;0
12/06/2020;Brazil;SP;Martinópolis/SP;3529203;0;1;0;9;3,77915;34,01232;0,11111;SES;TRUE;18397;0;0;18376;0;0;0;0;0;0;0;1
12/06/2020;Brazil;SP;Matão/SP;3529302;0;1;0;25;1,20236;30,05892;0,04;SES;TRUE;18422;0;0;18352;0;44;63;0;0;0;1;0
12/06/2020;Brazil;SP;Mauá/SP;3529401;8;112;83;1580;23,68305;334,10021;0,07089;SES;TRUE;18366;13;10;18337;37;18;22;28;32;0;0;0
12/06/2020;Brazil;SP;Mendonça/SP;3529500;0;1;2;12;18,21494;218,57923;0,08333;SES;TRUE;18417;0;0;18397;0;27;0;0;0;0;0;0
12/06/2020;Brazil;SP;Meridiano/SP;3529609;0;0;0;1;0;26,06882;0;SES;TRUE;0;0;0;18390;0;0;0;0;0;0;0;0
0;0;0;0;3529658;0;0;0;0;0;0;0;0;0;0;0;0;0;0;0;0;0;0;0;0;0
12/06/2020;Brazil;SP;Miguelópolis/SP;3529708;0;0;0;7;0;31,49465;0;SES;TRUE;0;0;0;18372;0;0;0;0;0;0;0;0
12/06/2020;Brazil;SP;Mineiros do Tietê/SP;3529807;0;1;2;22;7,74713;170,43694;0,04545;SES;TRUE;18369;0;0;18369;0;34;0;0;0;0;0;0
12/06/2020;Brazil;SP;Miracatu/SP;3529906;0;5;0;53;25,27934;267,96097;0,09434;SES;TRUE;18377;0;45;18375;0;15;31;47;0;0;0;1
0;0;0;0;3530003;0;0;0;0;0;0;0;0;0;0;0;0;0;0;0;0;0;0;0;0;0
12/06/2020;Brazil;SP;Mirandópolis/SP;3530102;0;4;1;41;13,52997;138,68218;0,09756;SES;TRUE;18376;0;0;18372;0;16;25;0;0;0;0;0
12/06/2020;Brazil;SP;Mirante do Paranapanema/SP;3530201;0;0;0;5;0;27,38376;0;SES;TRUE;0;0;0;18408;0;0;0;0;0;0;1;0
12/06/2020;Brazil;SP;Mirassol/SP;3530300;0;2;1;51;3,34314;85,25007;0,03922;SES;TRUE;18396;0;0;18358;0;31;55;66;0;0;1;0
12/06/2020;Brazil;SP;Mirassolândia/SP;3530409;0;0;0;2;0;41,05933;0;SES;TRUE;0;0;0;18420;0;0;0;0;0;0;0;0
12/06/2020;Brazil;SP;Mococa/SP;3530508;0;3;0;58;4,35508;84,1983;0,05172;SES;TRUE;18361;0;0;18360;0;31;50;55;0;0;0;0
12/06/2020;Brazil;SP;Mogi das Cruzes/SP;3530607;-1;119;31;1368;26,69107;306,83516;0,08699;SES;TRUE;18355;23;11;18341;28;11;18;21;26;0;0;0
12/06/2020;Brazil;SP;Mogi Guaçu/SP;3530706;0;6;2;223;3,95028;146,81871;0,02691;SES;TRUE;18360;0;62;18352;59;23;31;52;57;0;0;0
12/06/2020;Brazil;SP;Mogi Mirim/SP;3530805;0;2;0;25;2,14618;26,8272;0,08;SES;TRUE;18405;0;0;18367;0;37;55;0;0;0;0;0
0;0;0;0;3530904;0;0;0;0;0;0;0;0;0;0;0;0;0;0;0;0;0;0;0;1;0
12/06/2020;Brazil;SP;Monções/SP;3531001;0;1;0;2;44,26737;88,53475;0,5;SES;TRUE;18407;0;0;18399;0;0;0;0;0;1;0;0
12/06/2020;Brazil;SP;Mongaguá/SP;3531100;0;4;0;92;7,05442;162,25177;0,04348;SES;TRUE;18367;0;0;18366;0;15;33;40;51;0;1;0
12/06/2020;Brazil;SP;Monte Alegre do Sul/SP;3531209;0;0;0;2;0;24,88181;0;SES;TRUE;0;0;0;18418;0;0;0;0;0;0;0;0
12/06/2020;Brazil;SP;Monte Alto/SP;3531308;0;1;0;48;1,98028;95,05327;0,02083;SES;TRUE;18365;0;0;18359;0;14;42;0;0;0;0;0
12/06/2020;Brazil;SP;Monte Aprazível/SP;3531407;0;1;0;13;3,98613;51,81967;0,07692;SES;TRUE;18408;0;0;18389;0;29;0;0;0;1;0;0
12/06/2020;Brazil;SP;Monte Azul Paulista/SP;3531506;0;0;0;10;0;52,60943;0;SES;TRUE;0;0;0;18377;0;47;0;0;0;0;1;0
0;0;0;0;3531605;0;0;0;0;0;0;0;0;0;0;0;0;0;0;0;0;0;0;0;0;0
12/06/2020;Brazil;SP;Monteiro Lobato/SP;3531704;0;0;0;2;0;42,98302;0;SES;TRUE;0;0;0;18398;0;0;0;0;0;0;0;0
12/06/2020;Brazil;SP;Monte Mor/SP;3531803;0;3;2;95;5,01907;158,9373;0,03158;SES;TRUE;18380;0;0;18367;0;21;38;48;55;0;0;0
12/06/2020;Brazil;SP;Morro Agudo/SP;3531902;0;0;5;58;0;175,92817;0;SES;TRUE;0;0;0;18367;0;31;39;49;0;0;0;0
12/06/2020;Brazil;SP;Morungaba/SP;3532009;0;0;0;26;0;190,86771;0;SES;TRUE;0;0;0;18367;0;27;57;0;0;0;0;0
12/06/2020;Brazil;SP;Motuca/SP;3532058;0;0;0;7;0;147,12064;0;SES;TRUE;0;0;0;18407;0;0;0;0;0;0;0;0
12/06/2020;Brazil;SP;Murutinga do Sul/SP;3532108;0;0;0;3;0;66,87472;0;SES;TRUE;0;0;0;18397;0;0;0;0;0;0;0;0
0;0;0;0;3532157;0;0;0;0;0;0;0;0;0;0;0;0;0;0;0;0;0;0;0;0;0
0;0;0;0;3532207;0;0;0;0;0;0;0;0;0;0;0;0;0;0;0;0;0;0;0;0;0
12/06/2020;Brazil;SP;Natividade da Serra/SP;3532306;0;1;0;1;15,01276;15,01276;1;SES;TRUE;18418;0;0;18417;0;0;0;0;0;0;1;0
12/06/2020;Brazil;SP;Nazaré Paulista/SP;3532405;0;2;0;32;10,7968;172,74887;0,0625;SES;TRUE;18377;0;0;18373;0;22;42;0;0;0;0;0
12/06/2020;Brazil;SP;Neves Paulista/SP;3532504;0;0;2;9;0;100,78387;0;SES;TRUE;0;0;0;18388;0;0;0;0;0;1;0;0
12/06/2020;Brazil;SP;Nhandeara/SP;3532603;0;0;0;9;0;78,41087;0;SES;TRUE;0;0;0;18366;0;0;0;0;0;1;0;0
12/06/2020;Brazil;SP;Nipoã/SP;3532702;0;0;0;1;0;19,18281;0;SES;TRUE;0;0;0;18387;0;0;0;0;0;0;0;0
12/06/2020;Brazil;SP;Nova Aliança/SP;3532801;0;0;2;2;0;28,68206;0;SES;TRUE;0;0;0;18391;0;0;0;0;0;0;0;0
12/06/2020;Brazil;SP;Nova Campina/SP;3532827;0;0;0;1;0;10,25115;0;SES;TRUE;0;0;0;18391;0;0;0;0;0;0;0;0
0;0;0;0;3532843;0;0;0;0;0;0;0;0;0;0;0;0;0;0;0;0;0;0;0;0;0
12/06/2020;Brazil;SP;Nova Castilho/SP;3532868;0;1;0;1;78,9266;78,9266;1;SES;TRUE;18419;0;0;18419;0;0;0;0;0;0;0;0
12/06/2020;Brazil;SP;Nova Europa/SP;3532900;0;0;0;53;0;473,80654;0;SES;TRUE;0;0;0;18391;0;22;24;33;0;0;1;0
12/06/2020;Brazil;SP;Nova Granada/SP;3533007;0;1;0;10;4,65116;46,51163;0,1;SES;TRUE;18398;0;0;18386;0;23;0;0;0;0;1;0
12/06/2020;Brazil;SP;Nova Guataporanga/SP;3533106;0;0;0;6;0;259,06736;0;SES;TRUE;0;0;0;18382;0;0;0;0;0;0;0;0
0;0;0;0;3533205;0;0;0;0;0;0;0;0;0;0;0;0;0;0;0;0;0;0;0;0;0
12/06/2020;Brazil;SP;Novais/SP;3533254;0;0;0;2;0;34,30532;0;SES;TRUE;0;0;0;18409;0;0;0;0;0;0;0;0
12/06/2020;Brazil;SP;Nova Luzitânia/SP;3533304;0;0;0;1;0;24,3843;0;SES;TRUE;0;0;0;18415;0;0;0;0;0;0;0;0
12/06/2020;Brazil;SP;Nova Odessa/SP;3533403;0;4;0;63;6,64739;104,69638;0,06349;SES;TRUE;18356;0;0;18352;0;36;53;67;0;0;0;1
12/06/2020;Brazil;SP;Novo Horizonte/SP;3533502;0;0;1;20;0;48,7187;0;SES;TRUE;0;0;0;18380;0;16;0;0;0;0;0;0
12/06/2020;Brazil;SP;Nuporanga/SP;3533601;0;0;0;3;0;40,36598;0;SES;TRUE;0;0;0;18397;0;0;0;0;0;0;0;0
12/06/2020;Brazil;SP;Ocauçu/SP;3533700;0;0;0;0;0;0;0;SES;TRUE;0;0;0;0;0;0;0;0;0;0;0;1
0;0;0;0;3533809;0;0;0;0;0;0;0;0;0;0;0;0;0;0;0;0;0;0;0;0;0
12/06/2020;Brazil;SP;Olímpia/SP;3533908;0;3;0;63;5,47725;115,02227;0,04762;SES;TRUE;18397;0;0;18360;0;34;39;51;0;0;1;0
12/06/2020;Brazil;SP;Onda Verde/SP;3534005;0;0;0;3;0;68,47752;0;SES;TRUE;0;0;0;18403;0;0;0;0;0;0;1;0
12/06/2020;Brazil;SP;Oriente/SP;3534104;0;0;1;2;0;30,69839;0;SES;TRUE;0;0;0;18404;0;0;0;0;0;0;0;0
0;0;0;0;3534203;0;0;0;0;0;0;0;0;0;0;0;0;0;0;0;0;0;0;0;0;0
12/06/2020;Brazil;SP;Orlândia/SP;3534302;0;4;0;37;9,08513;84,03743;0,10811;SES;TRUE;18391;0;0;18356;0;55;62;0;0;0;0;1
12/06/2020;Brazil;SP;Osasco/SP;3534401;3;380;93;3984;54,40868;570,43203;0,09538;SES;TRUE;18346;19;14;18339;22;12;13;15;20;0;0;1
0;0;0;0;3534500;0;0;0;0;0;0;0;0;0;0;0;0;0;0;0;0;0;0;0;0;0
12/06/2020;Brazil;SP;Osvaldo Cruz/SP;3534609;0;0;0;6;0;18,24873;0;SES;TRUE;0;0;0;18384;0;0;0;0;0;0;1;0
12/06/2020;Brazil;SP;Ourinhos/SP;3534708;0;4;3;130;3,52293;114,49508;0,03077;SES;TRUE;18377;0;0;18362;56;11;35;48;52;0;1;0
12/06/2020;Brazil;SP;Ouroeste/SP;3534757;0;0;0;4;0;38,60631;0;SES;TRUE;0;0;0;18397;0;0;0;0;0;0;0;0
0;0;0;0;3534807;0;0;0;0;0;0;0;0;0;0;0;0;0;0;0;0;0;0;0;0;0
12/06/2020;Brazil;SP;Pacaembu/SP;3534906;0;2;0;30;14,08748;211,31225;0,06667;SES;TRUE;18390;0;0;18390;0;13;31;0;0;0;0;0
12/06/2020;Brazil;SP;Palestina/SP;3535002;0;0;0;5;0;38,58918;0;SES;TRUE;0;0;0;18401;0;0;0;0;0;1;0;0
12/06/2020;Brazil;SP;Palmares Paulista/SP;3535101;0;2;1;10;15,06591;75,32957;0,2;SES;TRUE;18409;0;0;18400;0;25;0;0;0;0;0;0
12/06/2020;Brazil;SP;Palmeira d'Oeste/SP;3535200;0;0;0;7;0;75,40666;0;SES;TRUE;0;0;0;18403;0;0;0;0;0;0;0;0
12/06/2020;Brazil;SP;Palmital/SP;3535309;0;1;0;19;4,50025;85,5047;0,05263;SES;TRUE;18422;0;0;18375;0;43;0;0;0;0;0;0
12/06/2020;Brazil;SP;Panorama/SP;3535408;0;1;0;10;6,33834;63,38341;0,1;SES;TRUE;18397;0;0;18397;0;25;0;0;0;0;0;0
12/06/2020;Brazil;SP;Paraguaçu Paulista/SP;3535507;0;1;0;12;2,18804;26,25648;0,08333;SES;TRUE;18418;0;0;18411;0;8;0;0;0;0;0;1
12/06/2020;Brazil;SP;Paraibuna/SP;3535606;0;0;0;22;0;120,73318;0;SES;TRUE;0;0;0;18381;0;31;0;0;0;0;0;0
12/06/2020;Brazil;SP;Paraíso/SP;3535705;0;1;0;7;15,49427;108,45987;0,14286;SES;TRUE;18419;0;0;18413;0;0;0;0;0;0;0;0
12/06/2020;Brazil;SP;Paranapanema/SP;3535804;0;1;0;14;4,95123;69,31723;0,07143;SES;TRUE;18418;0;0;18381;0;37;0;0;0;0;0;0
12/06/2020;Brazil;SP;Paranapuã/SP;3535903;0;0;0;1;0;24,52182;0;SES;TRUE;0;0;0;18415;0;0;0;0;0;0;0;0
12/06/2020;Brazil;SP;Parapuã/SP;3536000;0;0;0;1;0;9,12076;0;SES;TRUE;0;0;0;18404;0;0;0;0;0;0;1;0
12/06/2020;Brazil;SP;Pardinho/SP;3536109;0;1;0;28;15,54002;435,12044;0,03571;SES;TRUE;18424;0;0;18402;0;10;22;0;0;0;0;1
12/06/2020;Brazil;SP;Pariquera-Açu/SP;3536208;0;4;2;135;20,35831;687,09283;0,02963;SES;TRUE;18375;0;0;18356;56;21;26;31;48;0;0;1
12/06/2020;Brazil;SP;Parisi/SP;3536257;0;0;0;0;0;0;0;SES;TRUE;0;0;0;0;0;0;0;0;0;0;0;0
12/06/2020;Brazil;SP;Patrocínio Paulista/SP;3536307;0;0;0;8;0;54,53306;0;SES;TRUE;0;0;0;18388;0;0;0;0;0;0;0;0
12/06/2020;Brazil;SP;Paulicéia/SP;3536406;0;0;0;2;0;27,15178;0;SES;TRUE;0;0;0;18424;0;0;0;0;0;0;1;0
12/06/2020;Brazil;SP;Paulínia/SP;3536505;0;4;11;359;3,65551;328,08159;0,01114;SES;TRUE;18376;0;0;18351;53;25;37;46;51;0;0;0
12/06/2020;Brazil;SP;Paulistânia/SP;3536570;0;0;0;3;0;163,66612;0;SES;TRUE;0;0;0;18369;0;0;0;0;0;0;1;0
12/06/2020;Brazil;SP;Paulo de Faria/SP;3536604;0;0;0;1;0;11,17943;0;SES;TRUE;0;0;0;18410;0;0;0;0;0;1;0;0
12/06/2020;Brazil;SP;Pederneiras/SP;3536703;0;2;1;98;4,28385;209,90854;0,02041;SES;TRUE;18373;0;0;18367;0;29;45;50;53;0;1;0
12/06/2020;Brazil;SP;Pedra Bela/SP;3536802;0;0;0;6;0;98,47366;0;SES;TRUE;0;0;0;18362;0;0;0;0;0;0;0;0
0;0;0;0;3536901;0;0;0;0;0;0;0;0;0;0;0;0;0;0;0;0;0;0;0;0;0
0;0;0;0;3537008;0;0;0;0;0;0;0;0;0;0;0;0;0;0;0;0;0;0;0;0;0
12/06/2020;Brazil;SP;Pedreira/SP;3537107;0;0;0;10;0;20,86855;0;SES;TRUE;0;0;0;18391;0;33;0;0;0;0;0;0
12/06/2020;Brazil;SP;Pedrinhas Paulista/SP;3537156;0;1;0;4;32,33107;129,32428;0,25;SES;TRUE;18383;0;0;18383;0;0;0;0;0;0;0;0
12/06/2020;Brazil;SP;Pedro de Toledo/SP;3537206;0;0;0;4;0;35,30139;0;SES;TRUE;0;0;0;18377;0;0;0;0;0;0;0;1
12/06/2020;Brazil;SP;Penápolis/SP;3537305;0;4;0;22;6,30845;34,69648;0,18182;SES;TRUE;18356;0;0;18351;0;46;0;0;0;1;0;0
12/06/2020;Brazil;SP;Pereira Barreto/SP;3537404;0;3;1;17;11,68725;66,22775;0,17647;SES;TRUE;18390;0;0;18388;0;23;0;0;0;1;0;0
12/06/2020;Brazil;SP;Pereiras/SP;3537503;0;0;0;4;0;46,14675;0;SES;TRUE;0;0;0;18409;0;0;0;0;0;0;0;0
12/06/2020;Brazil;SP;Peruíbe/SP;3537602;1;10;5;94;14,64472;137,66036;0,10638;SES;TRUE;18381;44;16;18359;0;17;29;39;57;0;1;0
0;0;0;0;3537701;0;0;0;0;0;0;0;0;0;0;0;0;0;0;0;0;0;0;0;0;0
12/06/2020;Brazil;SP;Piedade/SP;3537800;0;6;0;109;10,8405;196,93575;0,05505;SES;TRUE;18390;0;19;18370;49;13;18;27;42;0;1;0
12/06/2020;Brazil;SP;Pilar do Sul/SP;3537909;0;2;0;23;6,85284;78,80761;0,08696;SES;TRUE;18409;0;0;18366;0;23;0;0;0;0;0;0
12/06/2020;Brazil;SP;Pindamonhangaba/SP;3538006;0;6;0;62;3,56447;36,83285;0,09677;SES;TRUE;18365;0;53;18359;0;22;42;59;0;0;0;1
12/06/2020;Brazil;SP;Pindorama/SP;3538105;0;0;2;23;0;134,90527;0;SES;TRUE;0;0;0;18360;0;43;0;0;0;1;0;0
12/06/2020;Brazil;SP;Pinhalzinho/SP;3538204;0;0;0;3;0;19,72776;0;SES;TRUE;0;0;0;18377;0;0;0;0;0;0;1;0
12/06/2020;Brazil;SP;Piquerobi/SP;3538303;0;0;0;4;0;108,34236;0;SES;TRUE;0;0;0;18380;0;0;0;0;0;0;0;1
12/06/2020;Brazil;SP;Piquete/SP;3538501;0;0;0;4;0;29,28901;0;SES;TRUE;0;0;0;18401;0;0;0;0;0;0;1;0
12/06/2020;Brazil;SP;Piracaia/SP;3538600;0;1;0;29;3,6626;106,21543;0,03448;SES;TRUE;18377;0;0;18368;0;37;54;0;0;0;0;0
12/06/2020;Brazil;SP;Piracicaba/SP;3538709;0;40;63;1043;9,89751;258,07761;0,03835;SES;TRUE;18364;20;14;18351;33;8;22;29;31;0;1;0
12/06/2020;Brazil;SP;Piraju/SP;3538808;0;3;0;62;10,06509;208,01181;0,04839;SES;TRUE;18387;0;0;18371;0;9;23;48;0;0;0;0
12/06/2020;Brazil;SP;Pirajuí/SP;3538907;0;1;2;14;3,9228;54,91919;0,07143;SES;TRUE;18395;0;0;18352;0;65;0;0;0;0;1;0
12/06/2020;Brazil;SP;Pirangi/SP;3539004;0;1;3;10;8,75887;87,58868;0,1;SES;TRUE;18408;0;0;18397;0;28;0;0;0;0;0;0
12/06/2020;Brazil;SP;Pirapora do Bom Jesus/SP;3539103;0;1;2;92;5,29241;486,9013;0,01087;SES;TRUE;18422;0;0;18377;0;3;17;33;41;0;0;0
12/06/2020;Brazil;SP;Pirapozinho/SP;3539202;0;2;0;25;7,26559;90,81992;0,08;SES;TRUE;18416;0;0;18388;0;29;36;0;0;0;0;0
12/06/2020;Brazil;SP;Pirassununga/SP;3539301;0;1;0;149;1,30875;195,00321;0,00671;SES;TRUE;18397;0;0;18375;36;7;12;21;29;0;0;1
12/06/2020;Brazil;SP;Piratininga/SP;3539400;0;2;4;58;14,66706;425,34468;0,03448;SES;TRUE;18397;0;0;18367;0;24;45;57;0;0;1;0
12/06/2020;Brazil;SP;Pitangueiras/SP;3539509;0;1;3;16;2,51769;40,28299;0,0625;SES;TRUE;18375;0;0;18375;0;47;0;0;0;0;1;0
12/06/2020;Brazil;SP;Planalto/SP;3539608;0;0;1;12;0;229,13882;0;SES;TRUE;0;0;0;18397;0;8;0;0;0;0;0;0
0;0;0;0;3539707;0;0;0;0;0;0;0;0;0;0;0;0;0;0;0;0;0;0;0;0;1
12/06/2020;Brazil;SP;Poá/SP;3539806;1;39;5;331;33,20505;281,81725;0,11782;SES;TRUE;18359;30;21;18346;49;21;24;35;43;0;0;0
12/06/2020;Brazil;SP;Poloni/SP;3539905;0;1;0;1;16,50437;16,50437;1;SES;TRUE;18397;0;0;18392;0;0;0;0;0;1;0;0
12/06/2020;Brazil;SP;Pompéia/SP;3540002;0;1;0;2;4,54256;9,08513;0,5;SES;TRUE;18417;0;0;18408;0;0;0;0;0;0;0;0
0;0;0;0;3540101;0;0;0;0;0;0;0;0;0;0;0;0;0;0;0;0;0;0;0;0;0
12/06/2020;Brazil;SP;Pontal/SP;3540200;0;4;8;42;8,00624;84,06557;0,09524;SES;TRUE;18376;0;0;18366;0;46;57;0;0;0;1;0
12/06/2020;Brazil;SP;Pontalinda/SP;3540259;0;1;1;6;21,60761;129,64564;0,16667;SES;TRUE;18405;0;0;18404;0;0;0;0;0;0;0;0
12/06/2020;Brazil;SP;Pontes Gestal/SP;3540309;0;0;0;0;0;0;0;SES;TRUE;0;0;0;0;0;0;0;0;0;0;0;0
12/06/2020;Brazil;SP;Populina/SP;3540408;0;0;0;4;0;95,94627;0;SES;TRUE;0;0;0;18370;0;0;0;0;0;0;0;0
12/06/2020;Brazil;SP;Porangaba/SP;3540507;0;0;0;6;0;60,4534;0;SES;TRUE;0;0;0;18389;0;0;0;0;0;0;0;1
12/06/2020;Brazil;SP;Porto Feliz/SP;3540606;0;3;0;94;5,64993;177,03115;0,03191;SES;TRUE;18401;0;0;18351;0;38;52;65;71;0;0;1
12/06/2020;Brazil;SP;Porto Ferreira/SP;3540705;0;1;4;34;1,78094;60,55209;0,02941;SES;TRUE;18362;0;0;18362;0;48;57;0;0;0;0;1
12/06/2020;Brazil;SP;Potim/SP;3540754;0;0;0;5;0;20,28974;0;SES;TRUE;0;0;0;18396;0;0;0;0;0;0;0;1
12/06/2020;Brazil;SP;Potirendaba/SP;3540804;0;1;1;18;5,76004;103,68066;0,05556;SES;TRUE;18418;0;0;18395;0;23;0;0;0;0;0;0
12/06/2020;Brazil;SP;Pracinha/SP;3540853;0;0;0;3;0;73,29587;0;SES;TRUE;0;0;0;18384;0;0;0;0;0;0;1;0
12/06/2020;Brazil;SP;Pradópolis/SP;3540903;0;2;1;9;9,30406;41,86825;0,22222;SES;TRUE;18392;0;0;18379;0;0;0;0;0;0;0;0
12/06/2020;Brazil;SP;Praia Grande/SP;3541000;0;64;12;1711;19,68789;526,34331;0,03741;SES;TRUE;18361;16;6;18353;27;6;14;17;23;0;1;0
12/06/2020;Brazil;SP;Pratânia/SP;3541059;0;0;0;10;0;190,07793;0;SES;TRUE;0;0;0;18367;0;42;0;0;0;0;0;0
12/06/2020;Brazil;SP;Presidente Alves/SP;3541109;0;0;0;5;0;122,12995;0;SES;TRUE;0;0;0;18377;0;0;0;0;0;0;0;0
12/06/2020;Brazil;SP;Presidente Bernardes/SP;3541208;0;0;0;11;0;83,93102;0;SES;TRUE;0;0;0;18391;0;31;0;0;0;0;0;1
12/06/2020;Brazil;SP;Presidente Epitácio/SP;3541307;0;2;0;15;4,52489;33,93665;0,13333;SES;TRUE;18389;0;0;18381;0;38;0;0;0;0;1;0
12/06/2020;Brazil;SP;Presidente Prudente/SP;3541406;0;11;4;219;4,80889;95,74063;0,05023;SES;TRUE;18361;56;37;18360;42;16;23;32;37;0;0;1
12/06/2020;Brazil;SP;Presidente Venceslau/SP;3541505;0;8;0;44;20,24496;111,3473;0,18182;SES;TRUE;18358;0;18;18358;0;18;37;0;0;0;0;1
12/06/2020;Brazil;SP;Promissão/SP;3541604;0;0;3;34;0;84,09181;0;SES;TRUE;0;0;0;18355;0;65;68;0;0;0;1;0
12/06/2020;Brazil;SP;Quadra/SP;3541653;0;0;0;3;0;78,86435;0;SES;TRUE;0;0;0;18402;0;0;0;0;0;0;0;1
12/06/2020;Brazil;SP;Quatá/SP;3541703;0;2;0;21;14,17535;148,84117;0,09524;SES;TRUE;18385;0;0;18373;0;24;0;0;0;0;0;0
12/06/2020;Brazil;SP;Queiroz/SP;3541802;0;1;1;4;29,35995;117,43981;0,25;SES;TRUE;18424;0;0;18418;0;0;0;0;0;0;0;0
0;0;0;0;3541901;0;0;0;0;0;0;0;0;0;0;0;0;0;0;0;0;0;0;0;0;1
12/06/2020;Brazil;SP;Quintana/SP;3542008;0;0;0;5;0;75,32389;0;SES;TRUE;0;0;0;18372;0;0;0;0;0;0;0;0
12/06/2020;Brazil;SP;Rafard/SP;3542107;0;0;0;10;0;110,1807;0;SES;TRUE;0;0;0;18418;0;6;0;0;0;0;1;0
12/06/2020;Brazil;SP;Rancharia/SP;3542206;0;1;0;12;3,36621;40,39452;0,08333;SES;TRUE;18380;0;0;18369;0;53;0;0;0;0;0;1
12/06/2020;Brazil;SP;Redenção da Serra/SP;3542305;0;0;1;3;0;77,90184;0;SES;TRUE;0;0;0;18418;0;0;0;0;0;0;1;0
12/06/2020;Brazil;SP;Regente Feijó/SP;3542404;0;0;0;11;0;54,2915;0;SES;TRUE;0;0;0;18380;0;35;0;0;0;0;0;1
12/06/2020;Brazil;SP;Reginópolis/SP;3542503;0;0;0;2;0;20,78786;0;SES;TRUE;0;0;0;18388;0;0;0;0;0;0;1;0
12/06/2020;Brazil;SP;Registro/SP;3542602;0;7;1;213;12,42854;378,18259;0,03286;SES;TRUE;18369;0;35;18369;35;12;19;27;33;0;0;1
0;0;0;0;3542701;0;0;0;0;0;0;0;0;0;0;0;0;0;0;0;0;0;0;0;0;0
12/06/2020;Brazil;SP;Ribeira/SP;3542800;0;0;0;1;0;29,94012;0;SES;TRUE;0;0;0;18424;0;0;0;0;0;0;1;0
12/06/2020;Brazil;SP;Ribeirão Bonito/SP;3542909;0;0;0;9;0;68,08382;0;SES;TRUE;0;0;0;18405;0;0;0;0;0;0;0;0
12/06/2020;Brazil;SP;Ribeirão Branco/SP;3543006;0;0;0;20;0;121,62491;0;SES;TRUE;0;0;0;18380;0;15;0;0;0;0;0;0
0;0;0;0;3543105;0;0;0;0;0;0;0;0;0;0;0;0;0;0;0;0;0;0;0;0;0
12/06/2020;Brazil;SP;Ribeirão do Sul/SP;3543204;0;0;0;2;0;44,04316;0;SES;TRUE;0;0;0;18418;0;0;0;0;0;0;1;0
12/06/2020;Brazil;SP;Ribeirão dos Índios/SP;3543238;0;0;0;1;0;44,94382;0;SES;TRUE;0;0;0;18395;0;0;0;0;0;0;1;0
12/06/2020;Brazil;SP;Ribeirão Grande/SP;3543253;0;0;0;5;0;65,16356;0;SES;TRUE;0;0;0;18395;0;0;0;0;0;0;0;0
12/06/2020;Brazil;SP;Ribeirão Pires/SP;3543303;1;21;16;309;17,01879;250,41939;0,06796;SES;TRUE;18371;20;9;18346;50;14;22;34;41;0;0;0
12/06/2020;Brazil;SP;Ribeirão Preto/SP;3543402;3;57;49;1813;8,10473;257,78729;0,03144;SES;TRUE;18347;47;20;18347;33;7;10;19;23;0;0;1
0;0;0;0;3543501;0;0;0;0;0;0;0;0;0;0;0;0;0;0;0;0;0;0;0;0;0
0;0;0;0;3543600;0;0;0;0;0;0;0;0;0;0;0;0;0;0;0;0;0;0;0;0;0
12/06/2020;Brazil;SP;Rincão/SP;3543709;0;1;0;11;9,26012;101,86128;0,09091;SES;TRUE;18376;0;0;18366;0;51;0;0;0;0;0;0
12/06/2020;Brazil;SP;Rinópolis/SP;3543808;0;0;0;4;0;40,07614;0;SES;TRUE;0;0;0;18367;0;0;0;0;0;0;1;0
12/06/2020;Brazil;SP;Rio Claro/SP;3543907;0;18;34;160;8,71992;77,51037;0,1125;SES;TRUE;18361;43;15;18346;77;22;50;69;74;0;1;0
12/06/2020;Brazil;SP;Rio das Pedras/SP;3544004;0;0;0;25;0;70,96628;0;SES;TRUE;0;0;0;18381;0;30;43;0;0;0;1;0
12/06/2020;Brazil;SP;Rio Grande da Serra/SP;3544103;0;8;2;120;15,73378;236,00677;0,06667;SES;TRUE;18389;0;9;18359;60;17;29;44;53;0;0;0
12/06/2020;Brazil;SP;Riolândia/SP;3544202;0;0;0;0;0;0;0;SES;TRUE;0;0;0;0;0;0;0;0;0;1;0;0
12/06/2020;Brazil;SP;Rosana/SP;3544251;0;0;0;16;0;96,13651;0;SES;TRUE;0;0;0;18401;0;17;0;0;0;1;0;0
12/06/2020;Brazil;SP;Roseira/SP;3544301;0;1;0;8;9,33532;74,6826;0,125;SES;TRUE;18415;0;0;18396;0;0;0;0;0;0;0;1
12/06/2020;Brazil;SP;Rubiácea/SP;3544400;0;0;0;2;0;63,93862;0;SES;TRUE;0;0;0;18395;0;0;0;0;0;0;0;0
0;0;0;0;3544509;0;0;0;0;0;0;0;0;0;0;0;0;0;0;0;0;0;0;1;0;0
12/06/2020;Brazil;SP;Sabino/SP;3544608;0;1;0;1;17,88909;17,88909;1;SES;TRUE;18422;0;0;18422;0;0;0;0;0;0;0;0
12/06/2020;Brazil;SP;Sagres/SP;3544707;0;0;0;2;0;82,23684;0;SES;TRUE;0;0;0;18398;0;0;0;0;0;0;1;0
12/06/2020;Brazil;SP;Sales/SP;3544806;0;0;0;1;0;15,79529;0;SES;TRUE;0;0;0;18401;0;0;0;0;0;0;0;0
12/06/2020;Brazil;SP;Sales Oliveira/SP;3544905;0;0;0;6;0;50,46257;0;SES;TRUE;0;0;0;18401;0;0;0;0;0;0;0;1
12/06/2020;Brazil;SP;Salesópolis/SP;3545001;0;3;1;22;17,50394;128,36221;0,13636;SES;TRUE;18375;0;0;18375;0;27;0;0;0;0;0;0
0;0;0;0;3545100;0;0;0;0;0;0;0;0;0;0;0;0;0;0;0;0;0;0;0;0;0
12/06/2020;Brazil;SP;Saltinho/SP;3545159;0;1;0;14;12,06855;168,95969;0,07143;SES;TRUE;18410;0;0;18381;0;37;0;0;0;0;1;0
12/06/2020;Brazil;SP;Salto/SP;3545209;0;2;0;76;1,68545;64,04692;0,02632;SES;TRUE;18409;0;0;18359;0;24;42;56;65;0;0;0
12/06/2020;Brazil;SP;Salto de Pirapora/SP;3545308;0;2;1;63;4,40315;138,69931;0,03175;SES;TRUE;18410;0;0;18352;0;37;50;66;0;0;0;0
12/06/2020;Brazil;SP;Salto Grande/SP;3545407;0;0;2;5;0;53,58482;0;SES;TRUE;0;0;0;18382;0;0;0;0;0;0;1;0
0;0;0;0;3545506;0;0;0;0;0;0;0;0;0;0;0;0;0;0;0;0;0;0;0;0;0
12/06/2020;Brazil;SP;Santa Adélia/SP;3545605;0;0;2;9;0;58,13953;0;SES;TRUE;0;0;0;18400;0;0;0;0;0;1;0;0
0;0;0;0;3545704;0;0;0;0;0;0;0;0;0;0;0;0;0;0;0;0;0;0;0;0;0
12/06/2020;Brazil;SP;Santa Bárbara d'Oeste/SP;3545803;0;5;1;119;2,58431;61,50665;0,04202;SES;TRUE;18370;0;48;18362;62;28;35;43;56;0;1;0
12/06/2020;Brazil;SP;Santa Branca/SP;3546009;0;2;0;30;13,52448;202,86719;0,06667;SES;TRUE;18359;0;0;18356;0;52;67;0;0;0;0;0
12/06/2020;Brazil;SP;Santa Clara d'Oeste/SP;3546108;0;0;0;0;0;0;0;SES;TRUE;0;0;0;0;0;0;0;0;0;0;0;0
12/06/2020;Brazil;SP;Santa Cruz da Conceição/SP;3546207;0;0;0;7;0;155,45192;0;SES;TRUE;0;0;0;18377;0;0;0;0;0;0;0;1
12/06/2020;Brazil;SP;Santa Cruz da Esperança/SP;3546256;0;0;1;5;0;233,75409;0;SES;TRUE;0;0;0;18389;0;0;0;0;0;0;0;0
12/06/2020;Brazil;SP;Santa Cruz das Palmeiras/SP;3546306;0;0;3;16;0;46,56442;0;SES;TRUE;0;0;0;18387;0;36;0;0;0;0;1;0
12/06/2020;Brazil;SP;Santa Cruz do Rio Pardo/SP;3546405;0;1;0;100;2,09762;209,76234;0,01;SES;TRUE;18402;0;0;18358;66;22;30;43;61;0;0;1
12/06/2020;Brazil;SP;Santa Ernestina/SP;3546504;0;0;0;3;0;53,581;0;SES;TRUE;0;0;0;18424;0;0;0;0;0;0;1;0
12/06/2020;Brazil;SP;Santa Fé do Sul/SP;3546603;0;0;1;29;0;89,72217;0;SES;TRUE;0;0;0;18379;0;23;40;0;0;0;0;0
12/06/2020;Brazil;SP;Santa Gertrudes/SP;3546702;0;1;0;19;3,71775;70,63722;0,05263;SES;TRUE;18411;0;0;18368;0;36;0;0;0;0;1;0
12/06/2020;Brazil;SP;Santa Isabel/SP;3546801;2;26;13;245;45,30722;426,9334;0,10612;SES;TRUE;18366;46;13;18352;59;27;37;45;52;0;0;1
12/06/2020;Brazil;SP;Santa Lúcia/SP;3546900;0;0;0;7;0;79,39208;0;SES;TRUE;0;0;0;18363;0;0;0;0;0;0;0;0
12/06/2020;Brazil;SP;Santa Maria da Serra/SP;3547007;0;0;2;25;0;404,98947;0;SES;TRUE;0;0;0;18382;0;22;43;0;0;0;0;0
0;0;0;0;3547106;0;0;0;0;0;0;0;0;0;0;0;0;0;0;0;0;0;0;0;1;0
12/06/2020;Brazil;SP;Santana da Ponte Pensa/SP;3547205;0;0;0;2;0;134,49899;0;SES;TRUE;0;0;0;18409;0;0;0;0;0;0;0;0
12/06/2020;Brazil;SP;Santana de Parnaíba/SP;3547304;0;23;35;721;16,49372;517,04232;0,0319;SES;TRUE;18372;25;18;18328;53;24;30;40;49;0;0;1
0;0;0;0;3547403;0;0;0;0;0;0;0;0;0;0;0;0;0;0;0;0;0;0;0;0;0
12/06/2020;Brazil;SP;Santa Rita do Passa Quatro/SP;3547502;0;1;0;14;3,62884;50,80379;0,07143;SES;TRUE;18375;0;0;18375;0;39;0;0;0;0;0;1
12/06/2020;Brazil;SP;Santa Rosa de Viterbo/SP;3547601;0;0;3;4;0;15,07159;0;SES;TRUE;0;0;0;18406;0;0;0;0;0;0;0;0
12/06/2020;Brazil;SP;Santa Salete/SP;3547650;0;0;0;13;0;841,42395;0;SES;TRUE;0;0;0;18403;0;6;0;0;0;0;0;0
12/06/2020;Brazil;SP;Santo Anastácio/SP;3547700;0;2;0;11;9,57946;52,68704;0,18182;SES;TRUE;18389;0;0;18388;0;35;0;0;0;0;0;1
12/06/2020;Brazil;SP;Santo André/SP;3547809;1;192;122;3781;26,71219;526,03534;0,05078;SES;TRUE;18352;17;15;18337;23;9;14;16;19;0;0;0
12/06/2020;Brazil;SP;Santo Antônio da Alegria/SP;3547908;0;1;0;1;14,4321;14,4321;1;SES;TRUE;18369;0;0;18369;0;0;0;0;0;0;1;0
12/06/2020;Brazil;SP;Santo Antônio de Posse/SP;3548005;0;0;0;20;0;85,80009;0;SES;TRUE;0;0;0;18380;0;14;0;0;0;0;0;0
12/06/2020;Brazil;SP;Santo Antônio do Aracanguá/SP;3548054;0;0;0;22;0;261,28266;0;SES;TRUE;0;0;0;18377;0;42;0;0;0;0;0;0
12/06/2020;Brazil;SP;Santo Antônio do Jardim/SP;3548104;0;1;0;14;16,79543;235,13604;0,07143;SES;TRUE;18401;0;0;18390;0;25;0;0;0;0;0;0
12/06/2020;Brazil;SP;Santo Antônio do Pinhal/SP;3548203;0;2;0;8;29,36426;117,45705;0,25;SES;TRUE;18387;0;0;18377;0;0;0;0;0;0;1;0
12/06/2020;Brazil;SP;Santo Expedito/SP;3548302;0;0;0;4;0;128,57602;0;SES;TRUE;0;0;0;18394;0;0;0;0;0;0;1;0
12/06/2020;Brazil;SP;Santópolis do Aguapeí/SP;3548401;0;1;0;2;20,93364;41,86728;0,5;SES;TRUE;18422;0;0;18402;0;0;0;0;0;0;1;0
12/06/2020;Brazil;SP;Santos/SP;3548500;8;214;308;5464;49,38716;1260,98807;0,03917;SES;TRUE;18356;11;6;18351;9;1;3;4;7;0;0;1
12/06/2020;Brazil;SP;São Bento do Sapucaí/SP;3548609;0;0;1;5;0;45,96433;0;SES;TRUE;0;0;0;18397;0;0;0;0;0;0;0;0
12/06/2020;Brazil;SP;São Bernardo do Campo/SP;3548708;8;265;136;4395;31,58763;523,87786;0,0603;SES;TRUE;18351;13;6;18337;22;9;14;16;19;0;0;1
12/06/2020;Brazil;SP;São Caetano do Sul/SP;3548807;0;58;89;1031;35,99645;639,86793;0,05626;SES;TRUE;18352;31;23;18337;35;9;14;22;29;0;0;0
12/06/2020;Brazil;SP;São Carlos/SP;3548906;2;7;4;239;2,77797;94,84767;0,02929;SES;TRUE;18362;0;50;18358;53;18;33;40;46;0;1;0
12/06/2020;Brazil;SP;São Francisco/SP;3549003;0;0;0;2;0;70,89685;0;SES;TRUE;0;0;0;18417;0;0;0;0;0;0;0;0
12/06/2020;Brazil;SP;São João da Boa Vista/SP;3549102;0;5;1;70;5,48179;76,74513;0,07143;SES;TRUE;18388;0;20;18361;0;17;29;51;0;0;0;0
12/06/2020;Brazil;SP;São João das Duas Pontes/SP;3549201;0;1;2;17;38,94081;661,99377;0,05882;SES;TRUE;18395;0;0;18395;0;25;0;0;0;0;0;0
12/06/2020;Brazil;SP;São João de Iracema/SP;3549250;0;0;1;3;0;156,08741;0;SES;TRUE;0;0;0;18419;0;0;0;0;0;0;0;0
12/06/2020;Brazil;SP;São João do Pau d'Alho/SP;3549300;0;0;0;1;0;47,50594;0;SES;TRUE;0;0;0;18396;0;0;0;0;0;0;0;0
12/06/2020;Brazil;SP;São Joaquim da Barra/SP;3549409;0;0;0;30;0;57,81684;0;SES;TRUE;0;0;0;18368;0;33;50;0;0;0;0;1
12/06/2020;Brazil;SP;São José da Bela Vista/SP;3549508;0;0;0;1;0;11,20072;0;SES;TRUE;0;0;0;18409;0;0;0;0;0;0;0;0
0;0;0;0;3549607;0;0;0;0;0;0;0;0;0;0;0;0;0;0;0;0;0;0;0;0;0
12/06/2020;Brazil;SP;São José do Rio Pardo/SP;3549706;0;4;0;32;7,27987;58,239;0,125;SES;TRUE;18409;0;0;18352;0;57;67;0;0;0;1;0
12/06/2020;Brazil;SP;São José do Rio Preto/SP;3549805;3;34;110;1169;7,38054;253,76028;0,02908;SES;TRUE;18359;30;12;18339;45;18;20;27;38;0;1;0
12/06/2020;Brazil;SP;São José dos Campos/SP;3549904;1;56;24;1469;7,75683;203,47839;0,03812;SES;TRUE;18361;19;14;18339;28;14;18;20;21;0;0;1
12/06/2020;Brazil;SP;São Lourenço da Serra/SP;3549953;0;2;2;33;12,63823;208,53081;0,06061;SES;TRUE;18375;0;0;18373;0;16;30;0;0;0;0;1
12/06/2020;Brazil;SP;São Luiz do Paraitinga/SP;3550001;0;1;0;2;9,35716;18,71433;0,5;SES;TRUE;18389;0;0;18389;0;0;0;0;0;0;1;0
12/06/2020;Brazil;SP;São Manuel/SP;3550100;0;3;2;52;7,32529;126,97172;0,05769;SES;TRUE;18361;0;0;18356;0;29;45;68;0;0;0;0
12/06/2020;Brazil;SP;São Miguel Arcanjo/SP;3550209;0;3;0;58;9,10996;176,12584;0,05172;SES;TRUE;18411;0;0;18362;0;25;46;57;0;0;1;0
12/06/2020;Brazil;SP;São Paulo/SP;3550308;123;5480;2546;85622;44,72731;698,83969;0,064;SES;TRUE;18338;8;2;18317;20;11;15;18;20;0;0;1
12/06/2020;Brazil;SP;São Pedro/SP;3550407;0;2;1;69;5,60963;193,5321;0,02899;SES;TRUE;18417;0;0;18351;0;31;33;45;0;0;0;0
12/06/2020;Brazil;SP;São Pedro do Turvo/SP;3550506;0;0;0;2;0;26,08923;0;SES;TRUE;0;0;0;18384;0;0;0;0;0;0;0;1
12/06/2020;Brazil;SP;São Roque/SP;3550605;0;6;0;98;6,59225;107,67338;0,06122;SES;TRUE;18376;0;39;18359;0;17;23;51;60;0;0;1
12/06/2020;Brazil;SP;São Sebastião/SP;3550704;0;3;0;364;3,37154;409,08069;0,00824;SES;TRUE;18353;0;0;18346;45;28;32;38;38;0;1;0
12/06/2020;Brazil;SP;São Sebastião da Grama/SP;3550803;0;1;0;8;8,20883;65,67066;0,125;SES;TRUE;18388;0;0;18375;0;0;0;0;0;0;0;0
12/06/2020;Brazil;SP;São Simão/SP;3550902;0;0;0;6;0;39,15938;0;SES;TRUE;0;0;0;18404;0;0;0;0;0;0;0;1
12/06/2020;Brazil;SP;São Vicente/SP;3551009;0;101;40;1507;27,61087;411,97601;0,06702;SES;TRUE;18354;37;34;18352;25;7;15;20;24;0;1;0
12/06/2020;Brazil;SP;Sarapuí/SP;3551108;0;0;0;5;0;48,61449;0;SES;TRUE;0;0;0;18381;0;0;0;0;0;0;0;1
12/06/2020;Brazil;SP;Sarutaiá/SP;3551207;0;0;0;3;0;82,46289;0;SES;TRUE;0;0;0;18388;0;0;0;0;0;0;0;0
12/06/2020;Brazil;SP;Sebastianópolis do Sul/SP;3551306;0;0;0;2;0;56,9314;0;SES;TRUE;0;0;0;18421;0;0;0;0;0;1;0;0
12/06/2020;Brazil;SP;Serra Azul/SP;3551405;0;0;0;3;0;20,46106;0;SES;TRUE;0;0;0;18390;0;0;0;0;0;0;0;0
12/06/2020;Brazil;SP;Serrana/SP;3551504;1;7;1;45;15,51866;99,76279;0,15556;SES;TRUE;18372;0;43;18370;0;18;28;0;0;0;0;0
12/06/2020;Brazil;SP;Serra Negra/SP;3551603;0;0;1;17;0;58,16142;0;SES;TRUE;0;0;0;18376;0;35;0;0;0;0;0;0
12/06/2020;Brazil;SP;Sertãozinho/SP;3551702;0;5;2;88;3,97409;69,94397;0,05682;SES;TRUE;18369;0;53;18360;0;17;36;55;63;0;0;0
12/06/2020;Brazil;SP;Sete Barras/SP;3551801;0;0;1;13;0;101,30923;0;SES;TRUE;0;0;0;18387;0;36;0;0;0;0;0;0
12/06/2020;Brazil;SP;Severínia/SP;3551900;0;0;0;19;0;108,59625;0;SES;TRUE;0;0;0;18395;0;20;0;0;0;0;1;0
12/06/2020;Brazil;SP;Silveiras/SP;3552007;0;0;0;0;0;0;0;SES;TRUE;0;0;0;0;0;0;0;0;0;0;0;1
12/06/2020;Brazil;SP;Socorro/SP;3552106;0;3;1;20;7,31618;48,77454;0,15;SES;TRUE;18404;0;0;18377;0;38;0;0;0;0;1;0
12/06/2020;Brazil;SP;Sorocaba/SP;3552205;1;73;59;1470;10,74512;216,37439;0,04966;SES;TRUE;18351;22;17;18348;32;10;18;24;29;0;0;1
12/06/2020;Brazil;SP;Sud Mennucci/SP;3552304;0;0;1;6;0;77,74035;0;SES;TRUE;0;0;0;18387;0;0;0;0;0;1;0;0
12/06/2020;Brazil;SP;Sumaré/SP;3552403;1;13;18;384;4,60273;135,9576;0,03385;SES;TRUE;18381;36;27;18359;39;16;21;29;37;0;0;1
12/06/2020;Brazil;SP;Suzano/SP;3552502;5;85;37;1016;28,55828;341,35541;0,08366;SES;TRUE;18353;24;13;18340;37;19;22;28;30;0;0;0
0;0;0;0;3552551;0;0;0;0;0;0;0;0;0;0;0;0;0;0;0;0;0;0;0;0;0
12/06/2020;Brazil;SP;Tabapuã/SP;3552601;0;1;10;53;8,05997;427,17821;0,01887;SES;TRUE;18415;0;0;18394;0;21;25;31;0;0;0;0
12/06/2020;Brazil;SP;Tabatinga/SP;3552700;0;0;2;24;0;145,48982;0;SES;TRUE;0;0;0;18388;0;21;0;0;0;0;1;0
12/06/2020;Brazil;SP;Taboão da Serra/SP;3552809;5;91;41;1240;31,41571;428,08219;0,07339;SES;TRUE;18346;29;15;18346;22;6;8;13;19;0;0;1
0;0;0;0;3552908;0;0;0;0;0;0;0;0;0;0;0;0;0;0;0;0;0;0;0;0;0
12/06/2020;Brazil;SP;Taguaí/SP;3553005;0;0;0;9;0;64,93975;0;SES;TRUE;0;0;0;18390;0;0;0;0;0;0;0;0
12/06/2020;Brazil;SP;Taiaçu/SP;3553104;0;0;0;10;0;158,85624;0;SES;TRUE;0;0;0;18368;0;41;0;0;0;0;0;0
12/06/2020;Brazil;SP;Taiúva/SP;3553203;0;0;0;3;0;53,89867;0;SES;TRUE;0;0;0;18402;0;0;0;0;0;0;1;0
12/06/2020;Brazil;SP;Tambaú/SP;3553302;0;0;0;19;0;81,87185;0;SES;TRUE;0;0;0;18395;0;8;0;0;0;0;0;0
12/06/2020;Brazil;SP;Tanabi/SP;3553401;0;0;1;24;0;92,425;0;SES;TRUE;0;0;0;18360;0;52;0;0;0;1;0;0
12/06/2020;Brazil;SP;Tapiraí/SP;3553500;0;0;0;21;0;268,98937;0;SES;TRUE;0;0;0;18389;0;15;0;0;0;0;1;0
12/06/2020;Brazil;SP;Tapiratiba/SP;3553609;0;0;0;2;0;15,4321;0;SES;TRUE;0;0;0;18388;0;0;0;0;0;0;0;0
12/06/2020;Brazil;SP;Taquaral/SP;3553658;0;0;0;1;0;35,57453;0;SES;TRUE;0;0;0;18416;0;0;0;0;0;0;1;0
12/06/2020;Brazil;SP;Taquaritinga/SP;3553708;0;0;2;26;0;45,47283;0;SES;TRUE;0;0;0;18371;0;46;54;0;0;0;1;0
12/06/2020;Brazil;SP;Taquarituba/SP;3553807;0;0;0;9;0;38,76303;0;SES;TRUE;0;0;0;18370;0;0;0;0;0;0;0;1
12/06/2020;Brazil;SP;Taquarivaí/SP;3553856;0;0;0;5;0;85,44087;0;SES;TRUE;0;0;0;18390;0;0;0;0;0;0;0;0
12/06/2020;Brazil;SP;Tarabai/SP;3553906;0;1;0;7;13,39047;93,73326;0,14286;SES;TRUE;18412;0;0;18370;0;0;0;0;0;0;0;0
12/06/2020;Brazil;SP;Tarumã/SP;3553955;0;0;0;6;0;40;0;SES;TRUE;0;0;0;18383;0;0;0;0;0;0;0;0
12/06/2020;Brazil;SP;Tatuí/SP;3554003;0;8;2;206;6,56998;169,17695;0,03883;SES;TRUE;18380;0;24;18347;63;32;42;52;57;0;0;1
12/06/2020;Brazil;SP;Taubaté/SP;3554102;0;5;7;178;1,58768;56,52157;0,02809;SES;TRUE;18379;0;33;18340;68;39;39;54;60;0;0;1
12/06/2020;Brazil;SP;Tejupá/SP;3554201;0;0;0;2;0;44,13063;0;SES;TRUE;0;0;0;18400;0;0;0;0;0;0;0;0
12/06/2020;Brazil;SP;Teodoro Sampaio/SP;3554300;0;0;0;8;0;34,56022;0;SES;TRUE;0;0;0;18390;0;0;0;0;0;0;1;0
12/06/2020;Brazil;SP;Terra Roxa/SP;3554409;0;0;3;26;0;277,48132;0;SES;TRUE;0;0;0;18357;0;63;68;0;0;0;0;0
12/06/2020;Brazil;SP;Tietê/SP;3554508;0;0;0;25;0;59,41629;0;SES;TRUE;0;0;0;18383;0;19;41;0;0;0;1;0
12/06/2020;Brazil;SP;Timburi/SP;3554607;0;0;0;2;0;75,24454;0;SES;TRUE;0;0;0;18382;0;0;0;0;0;0;0;0
12/06/2020;Brazil;SP;Torre de Pedra/SP;3554656;0;2;0;6;82,91874;248,75622;0,33333;SES;TRUE;18405;0;0;18388;0;0;0;0;0;0;0;1
12/06/2020;Brazil;SP;Torrinha/SP;3554706;0;0;0;34;0;339,66034;0;SES;TRUE;0;0;0;18388;0;7;34;0;0;0;0;0
12/06/2020;Brazil;SP;Trabiju/SP;3554755;0;0;0;1;0;58,00464;0;SES;TRUE;0;0;0;18399;0;0;0;0;0;0;0;0
12/06/2020;Brazil;SP;Tremembé/SP;3554805;0;0;0;15;0;31,78976;0;SES;TRUE;0;0;0;18395;0;22;0;0;0;0;0;0
12/06/2020;Brazil;SP;Três Fronteiras/SP;3554904;0;0;0;5;0;86,10298;0;SES;TRUE;0;0;0;18402;0;0;0;0;0;0;0;0
12/06/2020;Brazil;SP;Tuiuti/SP;3554953;0;0;0;6;0;87,0322;0;SES;TRUE;0;0;0;18377;0;0;0;0;0;0;0;0
12/06/2020;Brazil;SP;Tupã/SP;3555000;0;1;0;29;1,52616;44,25859;0,03448;SES;TRUE;18380;0;0;18362;0;41;58;0;0;0;0;0
12/06/2020;Brazil;SP;Tupi Paulista/SP;3555109;0;0;0;43;0;277,50887;0;SES;TRUE;0;0;0;18380;0;8;15;0;0;0;1;0
0;0;0;0;3555208;0;0;0;0;0;0;0;0;0;0;0;0;0;0;0;0;0;0;1;0;0
12/06/2020;Brazil;SP;Turmalina/SP;3555307;0;0;1;2;0;115,80776;0;SES;TRUE;0;0;0;18416;0;0;0;0;0;0;0;0
12/06/2020;Brazil;SP;Ubarana/SP;3555356;0;0;0;1;0;15,85037;0;SES;TRUE;0;0;0;18424;0;0;0;0;0;0;1;0
12/06/2020;Brazil;SP;Ubatuba/SP;3555406;0;5;3;87;5,50667;95,81603;0,05747;SES;TRUE;18397;0;25;18365;0;14;25;44;57;0;1;0
12/06/2020;Brazil;SP;Ubirajara/SP;3555505;0;1;0;12;20,9205;251,04603;0,08333;SES;TRUE;18409;0;0;18390;0;20;0;0;0;0;0;1
12/06/2020;Brazil;SP;Uchoa/SP;3555604;0;2;2;24;19,78239;237,38872;0,08333;SES;TRUE;18389;0;0;18387;0;28;0;0;0;1;0;0
12/06/2020;Brazil;SP;União Paulista/SP;3555703;0;0;1;3;0;162,6898;0;SES;TRUE;0;0;0;18389;0;0;0;0;0;0;0;0
12/06/2020;Brazil;SP;Urânia/SP;3555802;0;2;3;37;21,94426;405,96884;0,05405;SES;TRUE;18419;0;0;18406;0;6;14;0;0;0;0;0
12/06/2020;Brazil;SP;Uru/SP;3555901;0;1;0;3;85,83691;257,51073;0,33333;SES;TRUE;18394;0;0;18388;0;0;0;0;0;0;0;0
12/06/2020;Brazil;SP;Urupês/SP;3556008;0;0;0;3;0;21,72496;0;SES;TRUE;0;0;0;18396;0;0;0;0;0;0;0;0
12/06/2020;Brazil;SP;Valentim Gentil/SP;3556107;0;0;0;17;0;127,57016;0;SES;TRUE;0;0;0;18398;0;20;0;0;0;0;0;0
12/06/2020;Brazil;SP;Valinhos/SP;3556206;0;6;19;276;4,64421;213,63387;0,02174;SES;TRUE;18366;0;42;18346;62;24;35;50;57;0;0;1
12/06/2020;Brazil;SP;Valparaíso/SP;3556305;0;1;2;39;3,77644;147,28097;0,02564;SES;TRUE;18420;0;0;18391;0;23;26;0;0;0;0;0
12/06/2020;Brazil;SP;Vargem/SP;3556354;0;0;0;5;0;47,45184;0;SES;TRUE;0;0;0;18381;0;0;0;0;0;0;0;1
12/06/2020;Brazil;SP;Vargem Grande do Sul/SP;3556404;0;0;1;30;0;70,01984;0;SES;TRUE;0;0;0;18383;0;22;35;0;0;0;1;0
12/06/2020;Brazil;SP;Vargem Grande Paulista/SP;3556453;1;10;4;137;19,01249;260,47113;0,07299;SES;TRUE;18346;79;62;18340;79;32;57;65;75;0;0;1
12/06/2020;Brazil;SP;Várzea Paulista/SP;3556503;1;17;4;236;13,95295;193,69983;0,07203;SES;TRUE;18374;38;25;18366;43;11;22;33;38;0;0;0
0;0;0;0;3556602;0;0;0;0;0;0;0;0;0;0;0;0;0;0;0;0;0;0;0;1;0
12/06/2020;Brazil;SP;Vinhedo/SP;3556701;0;2;4;146;2,54039;185,44863;0,0137;SES;TRUE;18375;0;0;18352;65;16;27;45;57;0;0;1
12/06/2020;Brazil;SP;Viradouro/SP;3556800;0;2;0;7;10,58313;37,04096;0,28571;SES;TRUE;18390;0;0;18390;0;0;0;0;0;0;0;0
12/06/2020;Brazil;SP;Vista Alegre do Alto/SP;3556909;0;2;0;35;22,70148;397,27582;0,05714;SES;TRUE;18416;0;0;18373;0;45;46;0;0;0;0;0
0;0;0;0;3556958;0;0;0;0;0;0;0;0;0;0;0;0;0;0;0;0;0;0;0;0;0
12/06/2020;Brazil;SP;Votorantim/SP;3557006;0;12;1;232;9,79752;189,41868;0,05172;SES;TRUE;18368;55;41;18352;57;27;38;46;51;0;0;1
12/06/2020;Brazil;SP;Votuporanga/SP;3557105;0;7;21;159;7,40373;168,17033;0,04403;SES;TRUE;18393;0;23;18352;70;26;41;60;65;1;0;0
12/06/2020;Brazil;SP;Zacarias/SP;3557154;0;0;0;2;0;73,58352;0;SES;TRUE;0;0;0;18403;0;0;0;0;0;1;0;0
12/06/2020;Brazil;SP;Chavantes/SP;3557204;0;0;0;1;0;8,05283;0;SES;TRUE;0;0;0;18373;0;0;0;0;0;0;0;0
12/06/2020;Brazil;SP;Estiva Gerbi/SP;3557303;0;0;0;7;0;61,92498;0;SES;TRUE;0;0;0;18363;0;0;0;0;0;0;0;0
